0,https://www.sephora.com/product/banana-bright-eye-creme-P426339?icid2=products%20grid:p426339:product
1,https://www.sephora.com/product/c-tango-multivitamin-eye-cream-P429515?icid2=products%20grid:p429515:product
2,https://www.sephora.com/product/benefiance-wrinkleresist24-intensive-eye-contour-cream-P173620?icid2=products%20grid:p173620:product
3,https://www.sephora.com/product/the-eye-concentrate-P416343?icid2=products%20grid:p416343:product
4,https://www.sephora.com/product/advanced-night-repair-eye-supercharged-complex-P433885?icid2=products%20grid:p433885:product
5,https://www.sephora.com/product/shaba-complex-eye-serum-P419223?icid2=products%20grid:p419223:product
6,https://www.sephora.com/product/creamy-eye-treatment-with-avocado-P422000?icid2=products%20grid:p422000:product
7,https://www.sephora.com/product/moisturizing-eye-bomb-P422905?icid2=products%20grid:p422905:product
8,https://www.sephora.com/product/black-tea-age-delay-eye-concentrate-P384778?icid2=products%20grid:p384778:product
9,https://www.sephora.com/product/benefiance-wrinkleresist24-pure-retinol-express-soothing-eye-mask-P173619?icid2=products%20grid:p173619:product
10,https://www.sephora.com/product/ginzing-refreshing-eye-cream-P297511?icid2=products%20grid:p297511:product
11,https://www.sephora.com/product/the-pearl-tinted-eye-illuminating-treatment-P431423?icid2=products%20grid:p431423:product
12,https://www.sephora.com/product/brightening-eye-cream-hydrate-depuff-P438619?icid2=products%20grid:p438619:product
13,https://www.sephora.com/product/barrier-lipid-boost-360-eye-P442838?icid2=products%20grid:p442838:product
14,https://www.sephora.com/product/bye-bye-under-eye-eye-cream-smooths-brightens-depuffs-P411401?icid2=products%20grid:p411401:product
15,https://www.sephora.com/product/ferulic-retinol-triple-correction-eye-serum-P377531?icid2=products%20grid:p377531:product
16,https://www.sephora.com/product/water-drench-hyaluronic-cloud-hydra-gel-eye-patches-P423254?icid2=products%20grid:p423254:product
17,https://www.sephora.com/product/24k-gold-pure-luxury-lift-firm-hydra-gel-eye-patches-P406104?icid2=products%20grid:p406104:product
18,https://www.sephora.com/product/fab-skin-labe-retinol-eye-cream-triple-hyaluronic-acid-P442713?icid2=products%20grid:p442713:product
19,https://www.sephora.com/product/no-more-baggage-eye-de-puffing-gel-P421759?icid2=products%20grid:p421759:product
20,https://www.sephora.com/product/eye-mask-P429721?icid2=products%20grid:p429721:product
21,https://www.sephora.com/product/puffy-under-eye-patches-P433613?icid2=products%20grid:p433613:product
22,https://www.sephora.com/product/eye-sleeping-mask-P429237?icid2=products%20grid:p429237:product
23,https://www.sephora.com/product/all-about-eyes-rich-P174502?icid2=products%20grid:p174502:product
24,https://www.sephora.com/product/luminous-deep-hydration-firming-eye-serum-P403821?icid2=products%20grid:p403821:product
25,https://www.sephora.com/product/squalane-peptide-eye-gel-P416562?skuId=2051928&icid2=products%20grid:p416562:product
26,https://www.sephora.com/product/the-eye-balm-intense-P417111?icid2=products%20grid:p417111:product
27,https://www.sephora.com/product/baggage-claim-gold-eye-masks-P428668?icid2=products%20grid:p428668:product
28,https://www.sephora.com/product/cooling-water-P404795?icid2=products%20grid:p404795:product
29,https://www.sephora.com/product/complete-eye-renewal-balm-P282938?icid2=products%20grid:p282938:product
30,https://www.sephora.com/product/r-n-a-power-eye-cream-radical-new-age-P416813?icid2=products%20grid:p416813:product
31,https://www.sephora.com/product/resveratrol-lift-eye-lifting-balm-P400610?icid2=products%20grid:p400610:product
32,https://www.sephora.com/product/cucumber-de-tox-hydra-gel-eye-patches-P412025?icid2=products%20grid:p412025:product
33,https://www.sephora.com/product/auto-correct-brightening-depuffing-eye-contour-cream-P424948?icid2=products%20grid:p424948:product
34,https://www.sephora.com/product/hypoallergenic-gentle-firming-eye-cream-P294204?icid2=products%20grid:p294204:product
35,https://www.sephora.com/product/the-lifting-eye-serum-P417110?icid2=products%20grid:p417110:product
36,https://www.sephora.com/product/midnight-recovery-eye-P422015?icid2=products%20grid:p422015:product
37,https://www.sephora.com/product/rose-hydrating-eye-gel-cream-P386741?icid2=products%20grid:p386741:product
38,https://www.sephora.com/product/cellular-age-defying-eye-serum-P434555?icid2=products%20grid:p434555:product
39,https://www.sephora.com/product/wide-awake-brightening-eye-cream-P423681?icid2=products%20grid:p423681:product
40,https://www.sephora.com/product/pep-start-eye-cream-P403817?icid2=products%20grid:p403817:product
41,https://www.sephora.com/product/eye-duty-triple-remedy-brighten-depuff-smooth-P385329?icid2=products%20grid:p385329:product
42,https://www.sephora.com/product/moisture-bound-rejuvenating-eye-treatment-gel-P282612?icid2=products%20grid:p282612:product
43,https://www.sephora.com/product/all-about-eyes-P122774?icid2=products%20grid:p122774:product
44,https://www.sephora.com/product/genifique-eye-youth-activating-eye-concentrate-P247905?icid2=products%20grid:p247905:product
45,https://www.sephora.com/product/extra-eye-repair-cream-P270600?icid2=products%20grid:p270600:product
46,https://www.sephora.com/product/maracuja-c-brighter-eye-treatment-P377545?icid2=products%20grid:p377545:product
47,https://www.sephora.com/product/eye-dew-total-eye-cream-with-echinacea-greenenvy-P400250?icid2=products%20grid:p400250:product
48,https://www.sephora.com/product/retinol-youth-renewal-eye-serum-P421487?icid2=products%20grid:p421487:product
49,https://www.sephora.com/product/black-tea-firming-eye-serum-P439626?icid2=products%20grid:p439626:product
50,https://www.sephora.com/product/water-bank-eye-gel-P420657?icid2=products%20grid:p420657:product
51,https://www.sephora.com/product/advanced-anti-aging-eye-cream-broad-spectrum-sunscreen-spf-37-P382079?icid2=products%20grid:p382079:product
52,https://www.sephora.com/product/vine-activ-energizing-smoothing-eye-cream-P417120?icid2=products%20grid:p417120:product
53,https://www.sephora.com/product/noni-radiant-eye-oil-P428816?icid2=products%20grid:p428816:product
54,https://www.sephora.com/product/mega-rich-intensive-anti-aging-cellular-eye-creme-P116610?icid2=products%20grid:p116610:product
55,https://www.sephora.com/product/baggage-claim-rose-gold-eye-masks-P437960?icid2=products%20grid:p437960:product
56,https://www.sephora.com/product/essential-fx-acyl-glutathione-eyelid-lift-serum-P433950?icid2=products%20grid:p433950:product
57,https://www.sephora.com/product/renewing-eye-cream-P107306?icid2=products%20grid:p107306:product
58,https://www.sephora.com/product/black-pine-3d-sculpting-firming-lifting-super-eye-serum-P418868?icid2=products%20grid:p418868:product
59,https://www.sephora.com/product/repairwear-anti-gravity-eye-lift-cream-P122727?icid2=products%20grid:p122727:product
60,https://www.sephora.com/product/bio-performance-liftdynamic-eye-treatment-P410759?icid2=products%20grid:p410759:product
61,https://www.sephora.com/product/do-not-age-with-dr-brandt-triple-peptide-eye-cream-P383053?icid2=products%20grid:p383053:product
62,https://www.sephora.com/product/eye-doctor-moisture-care-for-skin-around-eyes-P297531?icid2=products%20grid:p297531:product
63,https://www.sephora.com/product/super-restorative-total-eye-concentrate-P95040?icid2=products%20grid:p95040:product
64,https://www.sephora.com/product/anti-wrinkle-miracle-worker-eye-line-correcting-eye-cream-P440474?icid2=products%20grid:p440474:product
65,https://www.sephora.com/product/re-storative-eye-creme-P386739?icid2=products%20grid:p386739:product
66,https://www.sephora.com/product/uplifting-transformation-eye-creme-P399110?icid2=products%20grid:p399110:product
67,https://www.sephora.com/product/pack-your-bags-911-undereye-rescue-patches-P409630?icid2=products%20grid:p409630:product
68,https://www.sephora.com/product/kale-aloe-sunflower-oil-tripeptide-5-age-prevention-superfood-eye-cream-P416923?icid2=products%20grid:p416923:product
69,https://www.sephora.com/product/cold-plasma-eye-P426831?icid2=products%20grid:p426831:product
70,https://www.sephora.com/product/renergie-lift-multi-action-eye-P376136?icid2=products%20grid:p376136:product
71,https://www.sephora.com/product/potent-c-tm-power-eye-cream-P433456?icid2=products%20grid:p433456:product
72,https://www.sephora.com/product/all-about-eyes-serum-de-puffing-eye-massage-P257537?icid2=products%20grid:p257537:product
73,https://www.sephora.com/product/creme-ancienne-eye-cream-P268416?icid2=products%20grid:p268416:product
74,https://www.sephora.com/product/multivitamin-power-firm-P423134?icid2=products%20grid:p423134:product
75,https://www.sephora.com/product/advanced-genifique-yeux-light-pearl-eye-illuminator-youth-activating-concentrate-P375841?icid2=products%20grid:p375841:product
76,https://www.sephora.com/product/stress-positive-eye-lift-P423143?icid2=products%20grid:p423143:product
77,https://www.sephora.com/product/cooling-water-eye-patches-P440280?icid2=products%20grid:p440280:product
78,https://www.sephora.com/product/hydrating-eye-cream-P270544?icid2=products%20grid:p270544:product
79,https://www.sephora.com/product/white-lucent-anti-dark-circles-eye-cream-P205614?icid2=products%20grid:p205614:product
80,https://www.sephora.com/product/hyaluronic-eye-cream-P440502?icid2=products%20grid:p440502:product
81,https://www.sephora.com/product/repairwear-laser-focus-wrinkle-correcting-eye-cream-P377576?icid2=products%20grid:p377576:product
82,https://www.sephora.com/product/c-collagen-brighten-firm-eye-cream-P418302?icid2=products%20grid:p418302:product
83,https://www.sephora.com/product/eye-duty-triple-remedy-am-gel-cream-P406291?icid2=products%20grid:p406291:product
84,https://www.sephora.com/product/enlivening-amino-ag-eye-treatment-P61211?icid2=products%20grid:p61211:product
85,https://www.sephora.com/product/eye-mask-cucumber-P432072?icid2=products%20grid:p432072:product
86,https://www.sephora.com/product/ferulic-retinol-eye-cream-P388622?icid2=products%20grid:p388622:product
87,https://www.sephora.com/product/intensive-vitalizing-eye-essence-P394619?icid2=products%20grid:p394619:product
88,https://www.sephora.com/product/eye-contour-lifting-cream-diamond-powder-P399748?icid2=products%20grid:p399748:product
89,https://www.sephora.com/product/retinol-firming-eye-cream-P411881?icid2=products%20grid:p411881:product
90,https://www.sephora.com/product/eye-fuel-P436376?icid2=products%20grid:p436376:product
91,https://www.sephora.com/product/eye-lift-firming-treatment-P404007?icid2=products%20grid:p404007:product
92,https://www.sephora.com/product/power-advanced-wrinkle-fighter-360-eye-serum-P404169?icid2=products%20grid:p404169:product
93,https://www.sephora.com/product/starry-eye-balm-P442561?icid2=products%20grid:p442561:product
94,https://www.sephora.com/product/eyeboost-reviving-eye-mask-P443807?icid2=products%20grid:p443807:product
95,https://www.sephora.com/product/detox-eye-roller-P248406?icid2=products%20grid:p248406:product
96,https://www.sephora.com/product/lotus-eye-gel-P54100?icid2=products%20grid:p54100:product
97,https://www.sephora.com/product/premier-cru-eye-cream-P428105?icid2=products%20grid:p428105:product
98,https://www.sephora.com/product/advanced-night-repair-eye-concentrate-matrix-P422651?icid2=products%20grid:p422651:product
99,https://www.sephora.com/product/future-solution-lx-eye-lip-contour-regenerating-cream-P423165?icid2=products%20grid:p423165:product
100,https://www.sephora.com/product/5-in-1-eye-cream-P288522?icid2=products%20grid:p288522:product
101,https://www.sephora.com/product/sun-protection-eye-cream-broad-spectrum-spf-34-sunscreen-P384788?icid2=products%20grid:p384788:product
102,https://www.sephora.com/product/plantscription-anti-aging-eye-treatment-P298310?icid2=products%20grid:p298310:product
103,https://www.sephora.com/product/helix-am-pm-eye-gel-P421952?icid2=products%20grid:p421952:product
104,https://www.sephora.com/product/kinetin-hydrating-eye-cream-P439425?icid2=products%20grid:p439425:product
105,https://www.sephora.com/product/orchid-e-imp-riale-eye-serum-P408677?icid2=products%20grid:p408677:product
106,https://www.sephora.com/product/instant-firmx-eye-P283106?icid2=products%20grid:p283106:product
107,https://www.sephora.com/product/plantscription-anti-aging-power-eye-cream-P394702?icid2=products%20grid:p394702:product
108,https://www.sephora.com/product/eye-duty-triple-remedy-overnight-balm-P393601?icid2=products%20grid:p393601:product
109,https://www.sephora.com/product/bright-eyes-collagen-infused-brightening-colloidal-silver-eye-masks-P438637?icid2=products%20grid:p438637:product
110,https://www.sephora.com/product/zero-baggage-anti-dark-circle-eye-cream-P433975?icid2=products%20grid:p433975:product
111,https://www.sephora.com/product/down-under-collagen-boosting-eye-treatment-P430833?icid2=products%20grid:p430833:product
112,https://www.sephora.com/product/luminous-deep-hydration-revitalizing-eye-mask-P399621?icid2=products%20grid:p399621:product
113,https://www.sephora.com/product/wing-man-supplements-P386757?icid2=products%20grid:p386757:product
114,https://www.sephora.com/product/skinlongevity-tm-vital-power-eye-gel-cream-P419224?icid2=products%20grid:p419224:product
115,https://www.sephora.com/product/hyaluronic-marine-dew-it-all-eye-gel-P427393?icid2=products%20grid:p427393:product
116,https://www.sephora.com/product/genius-ultimate-anti-aging-eye-cream-P388262?icid2=products%20grid:p388262:product
117,https://www.sephora.com/product/multi-task-eye-serum-mask-P429931?icid2=products%20grid:p429931:product
118,https://www.sephora.com/product/high-potency-classics-firming-eye-lift-P434342?icid2=products%20grid:p434342:product
119,https://www.sephora.com/product/essential-c-eye-cream-spf-15-pa-P12869?icid2=products%20grid:p12869:product
120,https://www.sephora.com/product/time-response-eye-reserve-creme-P436659?icid2=products%20grid:p436659:product
121,https://www.sephora.com/product/clinique-smart-custom-repair-eye-treatment-P398615?icid2=products%20grid:p398615:product
122,https://www.sephora.com/product/ultimune-eye-power-infusing-eye-concentrate-P398379?icid2=products%20grid:p398379:product
123,https://www.sephora.com/product/un-wrinkle-eye-P184605?icid2=products%20grid:p184605:product
124,https://www.sephora.com/product/keep-young-and-beautiful-instant-brightening-beauty-shot-eye-lift-P406764?icid2=products%20grid:p406764:product
125,https://www.sephora.com/product/moisture-surge-eye-96-hour-hydro-filler-concentrate-P443383?icid2=products%20grid:p443383:product
126,https://www.sephora.com/product/lotus-youth-preserve-eye-cream-P392865?icid2=products%20grid:p392865:product
127,https://www.sephora.com/product/magic-eye-rescue-cream-P433521?icid2=products%20grid:p433521:product
128,https://www.sephora.com/product/spectralite-eyecare-pro-led-device-P418301?icid2=products%20grid:p418301:product
129,https://www.sephora.com/product/a-glowing-regimen-trial-set-P421483?icid2=products%20grid:p421483:product
130,https://www.sephora.com/product/visionnaire-eye-cream-advanced-multi-correcting-eye-balm-P414796?icid2=products%20grid:p414796:product
131,https://www.sephora.com/product/essential-fx-acyl-glutathionesmoothing-brightening-under-eye-cream-P433954?icid2=products%20grid:p433954:product
132,https://www.sephora.com/product/24-7-retinol-eye-cream-P417625?icid2=products%20grid:p417625:product
133,https://www.sephora.com/product/goat-milk-de-puffing-eye-balm-P407401?icid2=products%20grid:p407401:product
134,https://www.sephora.com/product/hydro-dynamic-ultimate-moisture-for-eyes-P293206?icid2=products%20grid:p293206:product
135,https://www.sephora.com/product/redness-recovery-antioxidant-eye-treatment-P442849?icid2=products%20grid:p442849:product
136,https://www.sephora.com/product/youth-dose-eye-treatment-P435211?icid2=products%20grid:p435211:product
137,https://www.sephora.com/product/age-reversal-eye-complex-P423145?icid2=products%20grid:p423145:product
138,https://www.sephora.com/product/sonic-awakening-eye-massager-P435206?icid2=products%20grid:p435206:product
139,https://www.sephora.com/product/glopro-eye-microtip-attachment-head-P438638?icid2=products%20grid:p438638:product
140,https://www.sephora.com/product/advanced-night-repair-eye-serum-synchronized-complex-ii-P380022?icid2=products%20grid:p380022:product
141,https://www.sephora.com/product/and-gold-rush-eye-balm-P428645?icid2=products%20grid:p428645:product
142,https://www.sephora.com/product/super-multi-corrective-eye-opening-serum-P422259?icid2=products%20grid:p422259:product
143,https://www.sephora.com/product/retinol-fusion-pm-eye-cream-P407151?icid2=products%20grid:p407151:product
144,https://www.sephora.com/product/no-concealer-concealer-spf-35-P311147?icid2=products%20grid:p311147:product
145,https://www.sephora.com/product/capture-totale-multi-perfection-eye-treatment-P377572?icid2=products%20grid:p377572:product
146,https://www.sephora.com/product/hope-in-a-tube-eye-lip-cream-P12090?icid2=products%20grid:p12090:product
147,https://www.sephora.com/product/even-better-eyes-dark-circle-corrector-P374841?icid2=products%20grid:p374841:product
148,https://www.sephora.com/product/no-puffery-cooling-roll-on-for-puffy-eyes-P379850?icid2=products%20grid:p379850:product
149,https://www.sephora.com/product/bio-performance-glow-revival-eye-treatment-P403318?icid2=products%20grid:p403318:product
150,https://www.sephora.com/product/vitamin-c-eye-brightener-P439429?icid2=products%20grid:p439429:product
151,https://www.sephora.com/product/high-performance-continuous-moisture-eye-cream-P72706?icid2=products%20grid:p72706:product
152,https://www.sephora.com/product/smoothing-relaxing-patches-with-soothing-cornflower-P398059?icid2=products%20grid:p398059:product
153,https://www.sephora.com/product/creme-ancienne-supreme-eye-serum-P424956?icid2=products%20grid:p424956:product
154,https://www.sephora.com/product/eye-mask-grape-P432073?icid2=products%20grid:p432073:product
155,https://www.sephora.com/product/i-waken-eye-serum-P433889?icid2=products%20grid:p433889:product
156,https://www.sephora.com/product/powerful-wrinkle-reducing-eye-cream-P422266?icid2=products%20grid:p422266:product
157,https://www.sephora.com/product/wrinkle-warrior-eye-visible-dark-circle-eraser-P421271?icid2=products%20grid:p421271:product
158,https://www.sephora.com/product/age-arrest-eye-cream-P383308?icid2=products%20grid:p383308:product
159,https://www.sephora.com/product/one-essential-eye-serum-P408542?icid2=products%20grid:p408542:product
160,https://www.sephora.com/product/vitamin-serum-even-tone-reduce-dark-circles-P391633?icid2=products%20grid:p391633:product
161,https://www.sephora.com/product/water-fuse-hydro-soothe-eye-gel-P421003?icid2=products%20grid:p421003:product
162,https://www.sephora.com/product/keep-young-beautiful-anti-ageing-eye-cream-P377003?icid2=products%20grid:p377003:product
163,https://www.sephora.com/product/ultimate-miracle-worker-eye-cream-P398832?icid2=products%20grid:p398832:product
164,https://www.sephora.com/product/renewed-hope-in-jar-eye-P392233?icid2=products%20grid:p392233:product
165,https://www.sephora.com/product/iris-illuminating-eye-massager-P405827?icid2=products%20grid:p405827:product
166,https://www.sephora.com/product/total-replenishing-eye-cream-P402134?icid2=products%20grid:p402134:product
167,https://www.sephora.com/product/wrinkle-revenge-eye-balm-P102504?icid2=products%20grid:p102504:product
168,https://www.sephora.com/product/ultimate-revival-eye-cream-P428102?icid2=products%20grid:p428102:product
169,https://www.sephora.com/product/benefiance-nutriperfect-eye-serum-P230403?icid2=products%20grid:p230403:product
170,https://www.sephora.com/product/elevate-firming-lifting-contouring-eye-cream-P410809?icid2=products%20grid:p410809:product
171,https://www.sephora.com/product/orchidee-imperiale-eye-lip-contour-cream-P428613?icid2=products%20grid:p428613:product
172,https://www.sephora.com/product/vitamin-c-ester-eye-serum-P243236?icid2=products%20grid:p243236:product
173,https://www.sephora.com/product/neuropeptide-eye-therapy-P211329?icid2=products%20grid:p211329:product
174,https://www.sephora.com/product/brilliant-future-tm-age-defense-renew-eye-cream-P416395?icid2=products%20grid:p416395:product
175,https://www.sephora.com/product/advanced-night-repair-concentrated-recovery-eye-mask-P417359?icid2=products%20grid:p417359:product
176,https://www.sephora.com/product/revitalizing-supreme-global-anti-aging-eye-balm-P392951?icid2=products%20grid:p392951:product
177,https://www.sephora.com/product/time-in-bottle-for-eyes-100-in-control-P416399?icid2=products%20grid:p416399:product
178,https://www.sephora.com/product/capture-youth-age-delay-advanced-eye-treatment-P440923?icid2=products%20grid:p440923:product
179,https://www.sephora.com/product/radiance-antioxidant-eye-cream-P440320?icid2=products%20grid:p440320:product
180,https://www.sephora.com/product/line-release-under-eye-repair-cream-P232920?icid2=products%20grid:p232920:product
181,https://www.sephora.com/product/reviving-eye-cream-P309211?icid2=products%20grid:p309211:product
182,https://www.sephora.com/product/advanced-time-zone-age-reversing-line-wrinkle-eye-creme-P380025?icid2=products%20grid:p380025:product
183,https://www.sephora.com/product/illuminating-eye-creme-P410728?icid2=products%20grid:p410728:product
184,https://www.sephora.com/product/ultimate-miracle-worker-fix-eye-power-treatment-P428412?icid2=products%20grid:p428412:product
185,https://www.sephora.com/product/dr-andrew-weil-for-origins-tm-mega-bright-dark-circle-minimizer-P384394?icid2=products%20grid:p384394:product
186,https://www.sephora.com/product/absolue-premium-bx-absolute-replenishing-eye-cream-P158705?icid2=products%20grid:p158705:product
187,https://www.sephora.com/product/a-perfect-world-spf-20-age-defense-eye-cream-with-white-tea-P417308?icid2=products%20grid:p417308:product
188,https://www.sephora.com/product/peat-miracle-revital-eye-cream-P413949?icid2=products%20grid:p413949:product
189,https://www.sephora.com/product/black-pine-3d-sculpting-firming-lifting-eye-cream-P418867?icid2=products%20grid:p418867:product
190,https://www.sephora.com/product/hydra-life-cooling-hydration-sorbet-eye-gel-P429676?icid2=products%20grid:p429676:product
191,https://www.sephora.com/product/essential-energy-eye-definer-P433622?icid2=products%20grid:p433622:product
192,https://www.sephora.com/product/multi-active-eye-P415748?icid2=products%20grid:p415748:product
193,https://www.sephora.com/product/ibuki-eye-correcting-cream-P381195?icid2=products%20grid:p381195:product
194,https://www.sephora.com/product/kakadu-c-eye-souffle-P396403?icid2=products%20grid:p396403:product
195,https://www.sephora.com/product/photodynamic-therapy-energizing-eye-renewal-cream-P376241?icid2=products%20grid:p376241:product
196,https://www.sephora.com/product/immortelle-eye-balm-P39912?icid2=products%20grid:p39912:product
197,https://www.sephora.com/product/energie-de-vie-illuminating-anti-fatigue-cooling-eye-gel-P419634?icid2=products%20grid:p419634:product
198,https://www.sephora.com/product/hello-fab-kona-eye-stick-P434552?icid2=products%20grid:p434552:product
199,https://www.sephora.com/product/wrinkle-release-eye-cream-with-peptides-P416590?icid2=products%20grid:p416590:product
200,https://www.sephora.com/product/divine-eyes-P396251?icid2=products%20grid:p396251:product
201,https://www.sephora.com/product/liquid-gold-firming-eye-cream-P442537?icid2=products%20grid:p442537:product
202,https://www.sephora.com/product/eye-contour-gel-P94820?icid2=products%20grid:p94820:product
203,https://www.sephora.com/product/powerful-strength-line-reducing-eye-brightening-concentrate-P427625?icid2=products%20grid:p427625:product
204,https://www.sephora.com/product/daywear-eye-cooling-anti-oxidant-moisture-gelcreme-P427640?icid2=products%20grid:p427640:product
205,https://www.sephora.com/product/sake-brightening-bio-cellulose-eye-masks-P432250?icid2=products%20grid:p432250:product
206,https://www.sephora.com/product/take-deep-breath-oxygenating-eye-gel-cream-P406683?icid2=products%20grid:p406683:product
207,https://www.sephora.com/product/xtend-your-youth-eye-cream-P383056?icid2=products%20grid:p383056:product
208,https://www.sephora.com/product/purity-made-simple-hydra-bounce-eye-gel-P433606?icid2=products%20grid:p433606:product
209,https://www.sephora.com/product/firmx-tm-360-eye-renewal-P436114?icid2=products%20grid:p436114:product
210,https://www.sephora.com/product/h2-elemental-energy-de-puffing-eye-gel-P418316?icid2=products%20grid:p418316:product
211,https://www.sephora.com/product/enhanching-eye-lift-serum-P408229?icid2=products%20grid:p408229:product
212,https://www.sephora.com/product/vita-mineral-active-7-eye-gel-P174629?icid2=products%20grid:p174629:product
213,https://www.sephora.com/product/mission-perfection-eye-broad-spectrum-spf-15-P424954?icid2=products%20grid:p424954:product
214,https://www.sephora.com/product/kateceuticals-contouring-eye-serum-P409915?icid2=products%20grid:p409915:product
215,https://www.sephora.com/product/time-retreat-eye-treatment-P414077?icid2=products%20grid:p414077:product
216,https://www.sephora.com/product/eye-mask-P394903?icid2=products%20grid:p394903:product
217,https://www.sephora.com/product/belle-de-jour-angel-eyes-white-lotus-care-P399728?icid2=products%20grid:p399728:product
218,https://www.sephora.com/product/forever-light-creator-eye-fluid-P407146?icid2=products%20grid:p407146:product
219,https://www.sephora.com/product/dr-weil-for-origins-mega-mushroom-skin-relief-eye-serum-P402730?icid2=products%20grid:p402730:product
220,https://www.sephora.com/product/bb-eye-cream-with-soothing-cornflower-P409147?icid2=products%20grid:p409147:product
221,https://www.sephora.com/product/caffeine-eye-cream-P443840?icid2=products%20grid:p443840:product
222,https://www.sephora.com/product/abeille-royale-gold-eyetech-eye-sculpt-serum-P403606?icid2=products%20grid:p403606:product
223,https://www.sephora.com/product/lotus-caress-to-moisturize-eyes-P399712?icid2=products%20grid:p399712:product
224,https://www.sephora.com/product/pre-empt-series-brightening-eye-cream-P408539?icid2=products%20grid:p408539:product
