0,https://www.sephora.com/product/double-serum-complete-age-control-concentrate-P421235?icid2=products%20grid:p421235:product
1,https://www.sephora.com/product/c-firma-day-serum-P400259?icid2=products%20grid:p400259:product
2,https://www.sephora.com/product/t-l-c-sukari-babyfacial-P415777?icid2=products%20grid:p415777:product
3,https://www.sephora.com/product/t-l-c-framboos-tm-glycolic-night-serum-P392246?icid2=products%20grid:p392246:product
4,https://www.sephora.com/product/good-genes-all-in-one-lactic-acid-treatment-P309308?icid2=products%20grid:p309308:product
5,https://www.sephora.com/product/facial-treatment-essence-P375849?icid2=products%20grid:p375849:product
6,https://www.sephora.com/product/advanced-night-repair-synchronized-recovery-complex-ii-duo-P405491?icid2=products%20grid:p405491:product
7,https://www.sephora.com/product/truth-serum-P42343?icid2=products%20grid:p42343:product
8,https://www.sephora.com/product/aha-30-bha-2-peeling-solution-P442563?icid2=products%20grid:p442563:product
9,https://www.sephora.com/product/the-ordinary-deciem-buffet-P427420?icid2=products%20grid:p427420:product
10,https://www.sephora.com/product/the-ordinary-deciem-niacinamide-10-zinc-1-P427417?icid2=products%20grid:p427417:product
11,https://www.sephora.com/product/a-passioni-retinol-cream-P439926?icid2=products%20grid:p439926:product
12,https://www.sephora.com/product/dark-spots-P442536?icid2=products%20grid:p442536:product
13,https://www.sephora.com/product/alpha-beta-peel-extra-strength-daily-peel-P269122?icid2=products%20grid:p269122:product
14,https://www.sephora.com/product/pineapple-c-brightening-serum-P442869?icid2=products%20grid:p442869:product
15,https://www.sephora.com/product/the-ordinary-deciem-hyaluronic-acid-2-b5-P427419?icid2=products%20grid:p427419:product
16,https://www.sephora.com/product/b-hydra-intensive-hydration-gel-P406712?icid2=products%20grid:p406712:product
17,https://www.sephora.com/product/the-ordinary-deciem-caffeine-solution-5-egcg-P427416?icid2=products%20grid:p427416:product
18,https://www.sephora.com/product/the-concentrate-P417108?icid2=products%20grid:p417108:product
19,https://www.sephora.com/product/violet-c-brightening-serum-vitamin-c-aha-P439058?icid2=products%20grid:p439058:product
20,https://www.sephora.com/product/the-ordinary-deciem-the-no-brainer-set-P428088?icid2=products%20grid:p428088:product
21,https://www.sephora.com/product/clearly-corrective-dark-spot-solution-P422022?icid2=products%20grid:p422022:product
22,https://www.sephora.com/product/acne-healing-dots-P421275?icid2=products%20grid:p421275:product
23,https://www.sephora.com/product/advanced-night-repair-synchronized-recovery-complex-ii-P379994?icid2=products%20grid:p379994:product
24,https://www.sephora.com/product/the-treatment-lotion-P416345?icid2=products%20grid:p416345:product
25,https://www.sephora.com/product/rise-and-glow-P414671?icid2=products%20grid:p414671:product
26,https://www.sephora.com/product/nightbright-P414672?icid2=products%20grid:p414672:product
27,https://www.sephora.com/product/super-mud-clearing-treatment-P376409?icid2=products%20grid:p376409:product
28,https://www.sephora.com/product/the-ordinary-deciem-granactive-retinoid-2-emulsion-P427418?icid2=products%20grid:p427418:product
29,https://www.sephora.com/product/strawberry-c-serum-P442011?icid2=products%20grid:p442011:product
30,https://www.sephora.com/product/a-high-dose-retinoid-serum-P440075?icid2=products%20grid:p440075:product
31,https://www.sephora.com/product/advanced-genifique-youth-activating-serum-P379510?icid2=products%20grid:p379510:product
32,https://www.sephora.com/product/cicapair-tiger-grass-color-correcting-treatment-spf-30-P411540?icid2=products%20grid:p411540:product
33,https://www.sephora.com/product/luna-sleeping-night-oil-P393718?icid2=products%20grid:p393718:product
34,https://www.sephora.com/product/midnight-recovery-concentrate-P421998?icid2=products%20grid:p421998:product
35,https://www.sephora.com/product/vinoperfect-radiance-serum-P94421?icid2=products%20grid:p94421:product
36,https://www.sephora.com/product/alpha-beta-universal-daily-peel-P377533?icid2=products%20grid:p377533:product
37,https://www.sephora.com/product/skintune-blur-perfecting-primer-serum-P436269?icid2=products%20grid:p436269:product
38,https://www.sephora.com/product/the-ordinary-deciem-salicylic-acid-2-solution-P427407?icid2=products%20grid:p427407:product
39,https://www.sephora.com/product/the-ordinary-deciem-lactic-acid-10-ha-2-P427413?icid2=products%20grid:p427413:product
40,https://www.sephora.com/product/the-ordinary-deciem-natural-moisturizing-factors-ha-P427414?icid2=products%20grid:p427414:product
41,https://www.sephora.com/product/d-bronzi-tm-anti-pollution-sunshine-serum-P432668?icid2=products%20grid:p432668:product
42,https://www.sephora.com/product/ultimune-power-infusing-concentrate-P432834?icid2=products%20grid:p432834:product
43,https://www.sephora.com/product/the-ordinary-deciem-alpha-arbutin-2-ha-P427412?icid2=products%20grid:p427412:product
44,https://www.sephora.com/product/the-ordinary-deciem-azelaic-acid-suspension-10-P427411?icid2=products%20grid:p427411:product
45,https://www.sephora.com/product/facial-radiance-pads-P278317?icid2=products%20grid:p278317:product
46,https://www.sephora.com/product/acne-solutions-clear-skin-system-starter-kit-P188308?icid2=products%20grid:p188308:product
47,https://www.sephora.com/product/focuspot-micro-tip-patches-P442857?icid2=products%20grid:p442857:product
48,https://www.sephora.com/product/c-e-o-rapid-flash-brightening-serum-P418346?icid2=products%20grid:p418346:product
49,https://www.sephora.com/product/rapid-age-spot-pigment-lightening-serum-P4009?icid2=products%20grid:p4009:product
50,https://www.sephora.com/product/squalane-vitamin-c-rose-oil-P416563?icid2=products%20grid:p416563:product
51,https://www.sephora.com/product/captain-marvel-x-good-genes-all-in-one-lactic-acid-treatment-P442964?icid2=products%20grid:p442964:product
52,https://www.sephora.com/product/buffet-copper-peptides-1-P442752?icid2=products%20grid:p442752:product
53,https://www.sephora.com/product/u-f-o-ultra-clarifying-face-oil-P410400?icid2=products%20grid:p410400:product
54,https://www.sephora.com/product/unicorn-essence-P417141?icid2=products%20grid:p417141:product
55,https://www.sephora.com/product/genius-liquid-collagen-P421277?icid2=products%20grid:p421277:product
56,https://www.sephora.com/product/clinical-grade-resurfacing-liquid-peel-P442005?icid2=products%20grid:p442005:product
57,https://www.sephora.com/product/vinopure-natural-salicylic-acid-pore-minimizing-serum-P433626?icid2=products%20grid:p433626:product
58,https://www.sephora.com/product/100-plant-derived-squalane-P442830?icid2=products%20grid:p442830:product
59,https://www.sephora.com/product/exfolikate-intensive-exfoliating-treatment-P232915?icid2=products%20grid:p232915:product
60,https://www.sephora.com/product/tiger-grass-re-pair-serum-P423259?icid2=products%20grid:p423259:product
61,https://www.sephora.com/product/the-ordinary-deciem-vitamin-c-suspension-23-ha-spheres-2-P427410?icid2=products%20grid:p427410:product
62,https://www.sephora.com/product/skintune-blur-perfecting-primer-serum-mini-P443767?icid2=products%20grid:p443767:product
63,https://www.sephora.com/product/vinosource-s-o-s-thirst-quenching-serum-P374211?icid2=products%20grid:p374211:product
64,https://www.sephora.com/product/rose-gold-elixir-P417139?icid2=products%20grid:p417139:product
65,https://www.sephora.com/product/ochidee-imperiale-cream-P416226?icid2=products%20grid:p416226:product
66,https://www.sephora.com/product/the-regenerating-serum-P417601?icid2=products%20grid:p417601:product
67,https://www.sephora.com/product/sunless-tan-anti-aging-face-serum-P418221?icid2=products%20grid:p418221:product
68,https://www.sephora.com/product/potent-c-power-serum-P428100?icid2=products%20grid:p428100:product
69,https://www.sephora.com/product/retinol-youth-renewal-serum-P411365?icid2=products%20grid:p411365:product
70,https://www.sephora.com/product/peace-out-pores-P428250?icid2=products%20grid:p428250:product
71,https://www.sephora.com/product/eradikate-acne-treatment-P232903?icid2=products%20grid:p232903:product
72,https://www.sephora.com/product/ascorbic-acid-8-alpha-arbutin-2-P442754?icid2=products%20grid:p442754:product
73,https://www.sephora.com/product/blue-tansy-aha-bha-resurfacing-clarity-mask-P400207?icid2=products%20grid:p400207:product
74,https://www.sephora.com/product/vinoperfect-concentrated-brightening-essence-P420224?icid2=products%20grid:p420224:product
75,https://www.sephora.com/product/the-ordinary-deciem-matrixyl-10-ha-P427405?icid2=products%20grid:p427405:product
76,https://www.sephora.com/product/treatment-enzyme-peel-P232931?icid2=products%20grid:p232931:product
77,https://www.sephora.com/product/capture-youth-serum-P428255?icid2=products%20grid:p428255:product
78,https://www.sephora.com/product/professional-3-retinoid-plus-P394358?icid2=products%20grid:p394358:product
79,https://www.sephora.com/product/acne-solutions-clinical-clearing-gel-P385432?icid2=products%20grid:p385432:product
80,https://www.sephora.com/product/ultra-repair-hydrating-serum-P403739?icid2=products%20grid:p403739:product
81,https://www.sephora.com/product/cellular-age-defying-serum-P434554?icid2=products%20grid:p434554:product
82,https://www.sephora.com/product/powerful-strength-line-reducing-concentrate-12-5-vitamin-c-P427529?icid2=products%20grid:p427529:product
83,https://www.sephora.com/product/backlight-priming-filter-P399831?icid2=products%20grid:p399831:product
84,https://www.sephora.com/product/firmx-peeling-gel-P377561?icid2=products%20grid:p377561:product
85,https://www.sephora.com/product/the-treatment-lotion-mini-P428638?icid2=products%20grid:p428638:product
86,https://www.sephora.com/product/juno-hydroactive-cellular-face-oil-P309306?icid2=products%20grid:p309306:product
87,https://www.sephora.com/product/squalane-phyto-retinol-serum-P429028?icid2=products%20grid:p429028:product
88,https://www.sephora.com/product/invigorating-night-transformation-gel-P42330?icid2=products%20grid:p42330:product
89,https://www.sephora.com/product/max-complexion-correction-pads-P114902?icid2=products%20grid:p114902:product
90,https://www.sephora.com/product/daily-cleanse-supplements-P386754?icid2=products%20grid:p386754:product
91,https://www.sephora.com/product/r-n-a-power-radical-new-age-essence-P405951?icid2=products%20grid:p405951:product
92,https://www.sephora.com/product/peptide-21-wrinkle-resist-serum-P442741?icid2=products%20grid:p442741:product
93,https://www.sephora.com/product/granactive-retinoid-2-in-squalane-P442832?icid2=products%20grid:p442832:product
94,https://www.sephora.com/product/the-ordinary-deciem-vitamin-c-suspension-30-in-silicone-P427409?icid2=products%20grid:p427409:product
95,https://www.sephora.com/product/power-peel-transforming-facial-system-P375421?icid2=products%20grid:p375421:product
96,https://www.sephora.com/product/resveratrol-3-ferulic-acid-3-P442755?icid2=products%20grid:p442755:product
97,https://www.sephora.com/product/umbrian-clay-purifying-mask-P54104?icid2=products%20grid:p54104:product
98,https://www.sephora.com/product/super-spot-remover-acne-treatment-gel-P297517?icid2=products%20grid:p297517:product
99,https://www.sephora.com/product/eradikate-daily-cleanser-acne-treatment-P415667?icid2=products%20grid:p415667:product
100,https://www.sephora.com/product/invisiblur-perfecting-shield-broad-spectrum-spf-30-pa-P394397?icid2=products%20grid:p394397:product
101,https://www.sephora.com/product/clinical-grade-ipl-dark-spot-correcting-serum-P440308?icid2=products%20grid:p440308:product
102,https://www.sephora.com/product/youth-or-dare-multi-acid-c-serum-P442989?icid2=products%20grid:p442989:product
103,https://www.sephora.com/product/oil-control-mattifier-spf-15-pa-P227801?icid2=products%20grid:p227801:product
104,https://www.sephora.com/product/age-adapting-facial-serum-P440981?icid2=products%20grid:p440981:product
105,https://www.sephora.com/product/peace-out-emergency-pack-P440322?icid2=products%20grid:p440322:product
106,https://www.sephora.com/product/ever-matte-poreless-priming-perfector-P378017?icid2=products%20grid:p378017:product
107,https://www.sephora.com/product/cold-plasma-face-P426830?icid2=products%20grid:p426830:product
108,https://www.sephora.com/product/mattifying-primer-with-anti-acne-treatment-P377612?icid2=products%20grid:p377612:product
109,https://www.sephora.com/product/ascorbyl-glucoside-solution-12-P442756?icid2=products%20grid:p442756:product
110,https://www.sephora.com/product/focuspot-dark-spot-micro-tip-patch-P442854?icid2=products%20grid:p442854:product
111,https://www.sephora.com/product/clarifying-body-spray-P34402?icid2=products%20grid:p34402:product
112,https://www.sephora.com/product/focuspot-blemish-micro-tip-patch-P442853?icid2=products%20grid:p442853:product
113,https://www.sephora.com/product/c-collagen-brighten-firm-vitamin-c-serum-P415209?icid2=products%20grid:p415209:product
114,https://www.sephora.com/product/flashmud-tm-brightening-treatment-P397313?icid2=products%20grid:p397313:product
115,https://www.sephora.com/product/the-ordinary-deciem-ascorbyl-tetraisopalmitate-solution-20-in-vitamin-f-P427404?icid2=products%20grid:p427404:product
116,https://www.sephora.com/product/glow-away-peel-pads-P442535?icid2=products%20grid:p442535:product
117,https://www.sephora.com/product/gravitymud-firming-treatment-P403486?icid2=products%20grid:p403486:product
118,https://www.sephora.com/product/alpha-lipoic-acid-5-P442834?icid2=products%20grid:p442834:product
119,https://www.sephora.com/product/ultra-glow-serum-glow-strengthen-vitamin-c-serum-P442594?icid2=products%20grid:p442594:product
120,https://www.sephora.com/product/pre-empt-series-skin-perfecting-serum-P408538?icid2=products%20grid:p408538:product
121,https://www.sephora.com/product/elevate-advanced-retinol-serum-P433469?icid2=products%20grid:p433469:product
122,https://www.sephora.com/product/cicapair-tiger-grass-camo-drops-P429250?icid2=products%20grid:p429250:product
123,https://www.sephora.com/product/therapeutic-sulfur-masque-acne-treatment-masque-P3617?icid2=products%20grid:p3617:product
124,https://www.sephora.com/product/clarifying-cleanser-P4016?icid2=products%20grid:p4016:product
125,https://www.sephora.com/product/clinique-id-your-custom-blend-hydrator-for-pores-uneven-texture-P439648?icid2=products%20grid:p439648:product
126,https://www.sephora.com/product/clinique-smart-custom-repair-serum-P387616?icid2=products%20grid:p387616:product
127,https://www.sephora.com/product/watermelon-brightening-serum-P430903?icid2=products%20grid:p430903:product
128,https://www.sephora.com/product/ferulic-acid-retinol-brightening-solution-P375269?icid2=products%20grid:p375269:product
129,https://www.sephora.com/product/squalane-glycolic-renewal-facial-P433886?icid2=products%20grid:p433886:product
130,https://www.sephora.com/product/acne-solutions-cleansing-foam-P188309?icid2=products%20grid:p188309:product
131,https://www.sephora.com/product/mia-smart-deluxe-acne-kit-P443385?icid2=products%20grid:p443385:product
132,https://www.sephora.com/product/blackhead-solutions-self-heating-blackhead-extractor-P432243?icid2=products%20grid:p432243:product
133,https://www.sephora.com/product/glow-cycle-retin-alt-power-serum-P434545?icid2=products%20grid:p434545:product
134,https://www.sephora.com/product/rainforest-sea-deep-sea-collagen-super-serum-P440814?icid2=products%20grid:p440814:product
135,https://www.sephora.com/product/no-foundation-foundation-serum-spf-30-P386465?icid2=products%20grid:p386465:product
136,https://www.sephora.com/product/water-drench-hyaluronic-cloud-serum-P222818?icid2=products%20grid:p222818:product
137,https://www.sephora.com/product/vinopure-natural-salicylic-acid-pore-minimizing-toner-P433625?icid2=products%20grid:p433625:product
138,https://www.sephora.com/product/time-release-acne-cleanser-P254720?icid2=products%20grid:p254720:product
139,https://www.sephora.com/product/b-oil-P442757?icid2=products%20grid:p442757:product
140,https://www.sephora.com/product/vine-activ-glow-activating-anti-wrinkle-serum-P417119?icid2=products%20grid:p417119:product
141,https://www.sephora.com/product/retinol-fusion-pm-P251529?icid2=products%20grid:p251529:product
142,https://www.sephora.com/product/bio-peel-gauze-peeling-lemon-P409838?icid2=products%20grid:p409838:product
143,https://www.sephora.com/product/mermaid-skin-tm-hyaluronic-h2o-serum-P430818?icid2=products%20grid:p430818:product
144,https://www.sephora.com/product/youthmud-tinglexfoliate-treatment-P375741?icid2=products%20grid:p375741:product
145,https://www.sephora.com/product/needles-no-more-P391802?icid2=products%20grid:p391802:product
146,https://www.sephora.com/product/bye-bye-breakout-full-coverage-treatment-concealer-P427736?icid2=products%20grid:p427736:product
147,https://www.sephora.com/product/skin-perfecting-lotion-blemish-prone-oily-skin-P4050?icid2=products%20grid:p4050:product
148,https://www.sephora.com/product/wrinkle-warrior-2-in-1-plumping-moisturizer-serum-P415202?icid2=products%20grid:p415202:product
149,https://www.sephora.com/product/alpha-beta-r-clinic-at-home-P431184?icid2=products%20grid:p431184:product
150,https://www.sephora.com/product/capture-totale-dreamskin-advanced-refill-P416728?icid2=products%20grid:p416728:product
151,https://www.sephora.com/product/skinlongevity-trade-vital-power-infusion-P404728?icid2=products%20grid:p404728:product
152,https://www.sephora.com/product/d-scar-scar-diminishing-serum-P377368?icid2=products%20grid:p377368:product
153,https://www.sephora.com/product/alpha-beta-ultra-gentle-daily-peel-sensitive-skin-P398761?icid2=products%20grid:p398761:product
154,https://www.sephora.com/product/city-sunscreen-serum-spf-30-P282915?icid2=products%20grid:p282915:product
155,https://www.sephora.com/product/rose-deep-hydration-face-serum-P407087?icid2=products%20grid:p407087:product
156,https://www.sephora.com/product/rapid-relief-acne-spot-treatment-P421432?icid2=products%20grid:p421432:product
157,https://www.sephora.com/product/the-microdelivery-resurfacing-peel-P72504?icid2=products%20grid:p72504:product
158,https://www.sephora.com/product/anti-bac-clearing-lotion-P232907?icid2=products%20grid:p232907:product
159,https://www.sephora.com/product/luminous-deep-hydration-firming-serum-P399624?icid2=products%20grid:p399624:product
160,https://www.sephora.com/product/daily-reviving-concentrate-P422003?icid2=products%20grid:p422003:product
161,https://www.sephora.com/product/snow-mushroom-water-serum-P431746?icid2=products%20grid:p431746:product
162,https://www.sephora.com/product/pro-fessional-strength-40-triple-acid-peel-P384556?icid2=products%20grid:p384556:product
163,https://www.sephora.com/product/acne-body-wash-P47517?icid2=products%20grid:p47517:product
164,https://www.sephora.com/product/peptide-21-amino-acid-exfoliating-peel-pads-P442742?icid2=products%20grid:p442742:product
165,https://www.sephora.com/product/ferulic-retinol-wrinkle-recovery-overnight-serum-P404486?icid2=products%20grid:p404486:product
166,https://www.sephora.com/product/midnight-secret-late-night-recovery-treatment-P408678?icid2=products%20grid:p408678:product
167,https://www.sephora.com/product/resveratrol-lift-firming-serum-P400608?icid2=products%20grid:p400608:product
168,https://www.sephora.com/product/vitamin-c-ester-brightening-serum-P378714?icid2=products%20grid:p378714:product
169,https://www.sephora.com/product/hungarian-water-essence-P394633?icid2=products%20grid:p394633:product
170,https://www.sephora.com/product/argireline-solution-10-P442753?icid2=products%20grid:p442753:product
171,https://www.sephora.com/product/youth-revolution-radiance-concentrator-P441061?icid2=products%20grid:p441061:product
172,https://www.sephora.com/product/apple-cider-vinegar-resurfacing-peel-pads-P440316?icid2=products%20grid:p440316:product
173,https://www.sephora.com/product/bye-bye-pores-primer-oil-free-poreless-skin-perfecting-serum-primer-P411400?icid2=products%20grid:p411400:product
174,https://www.sephora.com/product/pure-argan-milk-tm-intensive-hydrating-treatment-P384780?icid2=products%20grid:p384780:product
175,https://www.sephora.com/product/one-essential-skin-boosting-super-serum-P423264?icid2=products%20grid:p423264:product
176,https://www.sephora.com/product/bye-bye-lines-serum-advanced-anti-aging-wrinkle-smoothing-miracle-concentrate-P411398?icid2=products%20grid:p411398:product
177,https://www.sephora.com/product/ultracalming-serum-concentrate-P423125?icid2=products%20grid:p423125:product
178,https://www.sephora.com/product/hydro-plumping-re-texturizing-serum-concentrate-P422016?icid2=products%20grid:p422016:product
179,https://www.sephora.com/product/volcanic-elixir-P430714?icid2=products%20grid:p430714:product
180,https://www.sephora.com/product/keep-young-beautiful-tm-instant-firming-beauty-shot-P391761?icid2=products%20grid:p391761:product
181,https://www.sephora.com/product/saturn-sulfur-acne-treatment-mask-P422626?icid2=products%20grid:p422626:product
182,https://www.sephora.com/product/focuspot-dark-circle-micro-tip-patch-P442855?icid2=products%20grid:p442855:product
183,https://www.sephora.com/product/lightstim-for-acne-P429668?icid2=products%20grid:p429668:product
184,https://www.sephora.com/product/visionnaire-advanced-skin-corrector-serum-P393077?icid2=products%20grid:p393077:product
185,https://www.sephora.com/product/evercalm-anti-redness-serum-P399736?icid2=products%20grid:p399736:product
186,https://www.sephora.com/product/the-perfecting-treatment-P424125?icid2=products%20grid:p424125:product
187,https://www.sephora.com/product/supercharge-anti-oxidant-moisture-serum-P433974?icid2=products%20grid:p433974:product
188,https://www.sephora.com/product/acne-solutions-clarifying-lotion-P188307?icid2=products%20grid:p188307:product
189,https://www.sephora.com/product/kale-tri-peptide-37-vitamin-c-age-prevention-serum-P411389?icid2=products%20grid:p411389:product
190,https://www.sephora.com/product/acne-clear-invisible-dots-P399932?icid2=products%20grid:p399932:product
191,https://www.sephora.com/product/wild-rose-15-vitamin-c-spotless-serum-P432055?icid2=products%20grid:p432055:product
192,https://www.sephora.com/product/eradikate-r-salicylic-acid-acne-treatment-P433468?icid2=products%20grid:p433468:product
193,https://www.sephora.com/product/protein-booster-skin-serum-P236605?icid2=products%20grid:p236605:product
194,https://www.sephora.com/product/white-lucent-microtargeting-spot-corrector-P406311?icid2=products%20grid:p406311:product
195,https://www.sephora.com/product/bio-peel-gauze-peeling-green-tea-P418822?icid2=products%20grid:p418822:product
196,https://www.sephora.com/product/fab-skin-lab-resurfacing-liquid-10-aha-P416826?icid2=products%20grid:p416826:product
197,https://www.sephora.com/product/capture-youth-plump-filler-age-delay-plumping-serum-P427732?icid2=products%20grid:p427732:product
198,https://www.sephora.com/product/premier-cru-serum-P427509?icid2=products%20grid:p427509:product
199,https://www.sephora.com/product/focuspot-line-wrinkle-micro-tip-patch-P442856?icid2=products%20grid:p442856:product
200,https://www.sephora.com/product/pure-skin-clarifying-dietary-supplement-P7365?icid2=products%20grid:p7365:product
201,https://www.sephora.com/product/future-solution-lx-intensive-firming-contour-serum-P423166?icid2=products%20grid:p423166:product
202,https://www.sephora.com/product/breakout-fighters-P436363?icid2=products%20grid:p436363:product
203,https://www.sephora.com/product/prep-n-glow-cloths-P414661?icid2=products%20grid:p414661:product
204,https://www.sephora.com/product/neuropeptide-facial-conformer-contouring-treatment-P211332?icid2=products%20grid:p211332:product
205,https://www.sephora.com/product/acid-fix-aha-bha-treatment-P429539?icid2=products%20grid:p429539:product
206,https://www.sephora.com/product/rapid-resurfacing-peel-P413063?icid2=products%20grid:p413063:product
207,https://www.sephora.com/product/post-acne-spot-lightening-gel-P188907?icid2=products%20grid:p188907:product
208,https://www.sephora.com/product/get-even-cold-pressed-peel-pads-P433973?icid2=products%20grid:p433973:product
209,https://www.sephora.com/product/proactivmd-3-piece-kit-30-day-introductory-size-P440657?icid2=products%20grid:p440657:product
210,https://www.sephora.com/product/perfectionist-cp-r-wrinkle-lifting-firming-serum-P379995?icid2=products%20grid:p379995:product
211,https://www.sephora.com/product/ferulic-retinol-wrinkle-recovery-peel-P404233?icid2=products%20grid:p404233:product
212,https://www.sephora.com/product/power-recharging-night-pressed-serum-P416552?icid2=products%20grid:p416552:product
213,https://www.sephora.com/product/mandelic-acid-10-ha-P442758?icid2=products%20grid:p442758:product
214,https://www.sephora.com/product/abeille-royale-daily-repair-serum-P397052?icid2=products%20grid:p397052:product
215,https://www.sephora.com/product/outsmart-acne-clarifying-treatment-P433143?icid2=products%20grid:p433143:product
216,https://www.sephora.com/product/idealist-pore-minimizing-skin-refinisher-P379998?icid2=products%20grid:p379998:product
217,https://www.sephora.com/product/fab-skin-lab-retinol-serum-0-25-pure-concentrate-P416825?icid2=products%20grid:p416825:product
218,https://www.sephora.com/product/liquid-gold-with-glycolic-acid-P440949?icid2=products%20grid:p440949:product
219,https://www.sephora.com/product/minus-serum-P437388?icid2=products%20grid:p437388:product
220,https://www.sephora.com/product/advanced-acne-wrinkle-reducer-P398067?icid2=products%20grid:p398067:product
221,https://www.sephora.com/product/prism-exfoliating-glow-potion-P433642?icid2=products%20grid:p433642:product
222,https://www.sephora.com/product/black-tea-age-delay-firming-serum-P403748?icid2=products%20grid:p403748:product
223,https://www.sephora.com/product/blackhead-solutions-7-day-deep-pore-cleanse-scrub-P432242?icid2=products%20grid:p432242:product
224,https://www.sephora.com/product/repairwear-laser-focus-P268300?icid2=products%20grid:p268300:product
225,https://www.sephora.com/product/perfect-canvas-skin-finishing-serum-P423666?icid2=products%20grid:p423666:product
226,https://www.sephora.com/product/rejuvenating-serum-P379711?icid2=products%20grid:p379711:product
227,https://www.sephora.com/product/alpha-beta-clinic-at-home-kit-extra-universal-P442265?icid2=products%20grid:p442265:product
228,https://www.sephora.com/product/younger-pure-youth-serum-with-mimixyl-P406610?icid2=products%20grid:p406610:product
229,https://www.sephora.com/product/capture-youth-glow-booster-age-delay-illuminating-serum-P427731?icid2=products%20grid:p427731:product
230,https://www.sephora.com/product/even-better-clinical-dark-spot-corrector-optimizer-P410673?skuId=1839133&icid2=products%20grid:p410673:product
231,https://www.sephora.com/product/clinique-id-your-custom-blend-hydrator-for-fatigue-P439646?icid2=products%20grid:p439646:product
232,https://www.sephora.com/product/genius-ultimate-anti-aging-vitamin-c-serum-P392945?icid2=products%20grid:p392945:product
233,https://www.sephora.com/product/retinoic-nutrient-face-oil-P379704?icid2=products%20grid:p379704:product
234,https://www.sephora.com/product/amino-acids-b5-P442759?icid2=products%20grid:p442759:product
235,https://www.sephora.com/product/radiance-serum-with-energy-peptides-P437239?icid2=products%20grid:p437239:product
236,https://www.sephora.com/product/no-3-exotic-goddess-ageless-serum-P428642?icid2=products%20grid:p428642:product
237,https://www.sephora.com/product/glycolic-peel-P395618?icid2=products%20grid:p395618:product
238,https://www.sephora.com/product/resurfacing-serum-P432048?icid2=products%20grid:p432048:product
239,https://www.sephora.com/product/rapid-collagen-infusion-P377178?icid2=products%20grid:p377178:product
240,https://www.sephora.com/product/eye-lift-firming-treatment-P404007?icid2=products%20grid:p404007:product
241,https://www.sephora.com/product/power-advanced-wrinkle-fighter-360-eye-serum-P404169?icid2=products%20grid:p404169:product
242,https://www.sephora.com/product/alpha-beta-medi-spa-peel-P388621?icid2=products%20grid:p388621:product
243,https://www.sephora.com/product/liquid-exfolikate-triple-acid-resurfacing-treatment-P439927?icid2=products%20grid:p439927:product
244,https://www.sephora.com/product/acne-facial-cleanser-P440490?icid2=products%20grid:p440490:product
245,https://www.sephora.com/product/skin-rescue-acne-clearing-pads-with-white-clay-P430140?icid2=products%20grid:p430140:product
246,https://www.sephora.com/product/plantscription-anti-aging-power-serum-P388801?icid2=products%20grid:p388801:product
247,https://www.sephora.com/product/vitamin-c-serum-P440494?icid2=products%20grid:p440494:product
248,https://www.sephora.com/product/bright-potion-probiotic-power-serum-P442962?icid2=products%20grid:p442962:product
249,https://www.sephora.com/product/revitalixir-tm-recovery-serum-P434550?icid2=products%20grid:p434550:product
250,https://www.sephora.com/product/potent-c-tm-targeted-spot-brightener-P433457?icid2=products%20grid:p433457:product
251,https://www.sephora.com/product/sake-hydrating-brightening-essence-P418865?icid2=products%20grid:p418865:product
252,https://www.sephora.com/product/clinique-id-your-custom-blend-hydrator-for-lines-wrinkles-P439645?icid2=products%20grid:p439645:product
253,https://www.sephora.com/product/black-pine-3d-sculpting-firming-lifting-face-serum-P418870?icid2=products%20grid:p418870:product
254,https://www.sephora.com/product/vitamin-c-arbutin-brightening-serum-P439430?icid2=products%20grid:p439430:product
255,https://www.sephora.com/product/the-method-polish-blemish-control-P399739?icid2=products%20grid:p399739:product
256,https://www.sephora.com/product/immortelle-reset-overnight-reset-oil-in-serum-P442734?icid2=products%20grid:p442734:product
257,https://www.sephora.com/product/euk-134-0-1-P442833?icid2=products%20grid:p442833:product
258,https://www.sephora.com/product/clinique-fresh-pressed-clinical-daily-overnight-boosters-with-pure-vitamins-c-10-a-retinol-P440948?icid2=products%20grid:p440948:product
259,https://www.sephora.com/product/the-revitalizing-hydrating-serum-P416725?icid2=products%20grid:p416725:product
260,https://www.sephora.com/product/bio-retinoid-anti-wrinkle-concentrate-oil-P311126?icid2=products%20grid:p311126:product
261,https://www.sephora.com/product/clarifying-toner-P4015?icid2=products%20grid:p4015:product
262,https://www.sephora.com/product/age-arrest-anti-wrinkle-cream-P382356?icid2=products%20grid:p382356:product
263,https://www.sephora.com/product/my-daily-dose-custom-blended-serum-set-P394357?icid2=products%20grid:p394357:product
264,https://www.sephora.com/product/acne-clearing-wash-P410883?icid2=products%20grid:p410883:product
265,https://www.sephora.com/product/dr-andrew-weil-for-origins-tm-mega-mushroom-relief-resilience-advanced-face-serum-P429245?icid2=products%20grid:p429245:product
266,https://www.sephora.com/product/caviar-lime-acid-peel-P421741?icid2=products%20grid:p421741:product
267,https://www.sephora.com/product/beauty-shroom-tm-plumping-jelly-serum-P432831?icid2=products%20grid:p432831:product
268,https://www.sephora.com/product/hyalo-plasma-hyaluronic-intensive-moisturizer-P388974?icid2=products%20grid:p388974:product
269,https://www.sephora.com/product/omg-omega-great-supplements-P386760?icid2=products%20grid:p386760:product
270,https://www.sephora.com/product/vinopure-natural-salicylic-acid-pore-minimizing-moisturizer-P433624?icid2=products%20grid:p433624:product
271,https://www.sephora.com/product/pore-targeting-treatment-P440064?icid2=products%20grid:p440064:product
272,https://www.sephora.com/product/advanced-retinol-treatment-P433970?icid2=products%20grid:p433970:product
273,https://www.sephora.com/product/advanced-night-repair-intensive-recovery-ampoules-P411231?icid2=products%20grid:p411231:product
274,https://www.sephora.com/product/reveal-concentrated-color-correcting-drops-P406531?icid2=products%20grid:p406531:product
275,https://www.sephora.com/product/clear-complexion-blotting-linens-P381443?icid2=products%20grid:p381443:product
276,https://www.sephora.com/product/clinical-concentrate-hydration-booster-P385773?icid2=products%20grid:p385773:product
277,https://www.sephora.com/product/b-well-organic-australian-100-tea-tree-oil-P440274?icid2=products%20grid:p440274:product
278,https://www.sephora.com/product/doctor-s-kit-gold-standard-anti-aging-solution-P429248?icid2=products%20grid:p429248:product
279,https://www.sephora.com/product/peat-miracle-revital-serum-concentrate-P414006?icid2=products%20grid:p414006:product
280,https://www.sephora.com/product/turbo-booster-c-powder-P204606?icid2=products%20grid:p204606:product
281,https://www.sephora.com/product/perfectionist-pro-rapif-firm-lift-treatment-P427513?icid2=products%20grid:p427513:product
282,https://www.sephora.com/product/clinique-id-your-custom-blend-hydrator-for-uneven-skintone-P439647?icid2=products%20grid:p439647:product
283,https://www.sephora.com/product/clear-complexion-treatment-with-botanical-blast-P199613?icid2=products%20grid:p199613:product
284,https://www.sephora.com/product/superserum-6-acid-refining-treatment-P441866?icid2=products%20grid:p441866:product
285,https://www.sephora.com/product/retinol-vita-c-power-serum-P436365?icid2=products%20grid:p436365:product
286,https://www.sephora.com/product/mattifying-booster-drops-P442785?icid2=products%20grid:p442785:product
287,https://www.sephora.com/product/barrier-lipid-boost-jelly-P442837?icid2=products%20grid:p442837:product
288,https://www.sephora.com/product/acne-clear-control-30-day-kit-P433458?icid2=products%20grid:p433458:product
289,https://www.sephora.com/product/instant-firmx-P271682?icid2=products%20grid:p271682:product
290,https://www.sephora.com/product/30-day-triple-action-cellular-age-defying-treatment-P434553?icid2=products%20grid:p434553:product
291,https://www.sephora.com/product/abeille-royale-double-r-renew-repair-serum-P442731?icid2=products%20grid:p442731:product
292,https://www.sephora.com/product/aha-bha-acne-clearing-gel-P3550?icid2=products%20grid:p3550:product
293,https://www.sephora.com/product/dark-spot-sun-defense-broad-spectrum-spf-50-P394353?icid2=products%20grid:p394353:product
294,https://www.sephora.com/product/sound-sleep-cocoon-P443369?icid2=products%20grid:p443369:product
295,https://www.sephora.com/product/white-lucent-luminizing-surge-P406313?icid2=products%20grid:p406313:product
296,https://www.sephora.com/product/night-fix-enzyme-treatment-P439054?icid2=products%20grid:p439054:product
297,https://www.sephora.com/product/lift-serum-intense-with-stem-cell-recovery-complex-P406736?icid2=products%20grid:p406736:product
298,https://www.sephora.com/product/adapalene-gel-0-1-acne-treatment-P440065?icid2=products%20grid:p440065:product
299,https://www.sephora.com/product/mini-glow-away-peel-pads-P442875?icid2=products%20grid:p442875:product
300,https://www.sephora.com/product/fresh-pressed-daily-booster-with-pure-vitamin-c-10-P416824?icid2=products%20grid:p416824:product
301,https://www.sephora.com/product/biolumin-c-serum-P443370?icid2=products%20grid:p443370:product
302,https://www.sephora.com/product/the-nightly-retinol-peptide-anti-aging-serum-P438640?icid2=products%20grid:p438640:product
303,https://www.sephora.com/product/turmeric-beauty-latte-serum-clear-brighten-P443542?icid2=products%20grid:p443542:product
304,https://www.sephora.com/product/golden-krocus-ageless-saffron-elixir-serum-P406773?icid2=products%20grid:p406773:product
305,https://www.sephora.com/product/flash-hydro-boost-instant-plumping-emulsion-P411208?icid2=products%20grid:p411208:product
306,https://www.sephora.com/product/advanced-dark-spot-correcting-serum-P440067?icid2=products%20grid:p440067:product
307,https://www.sephora.com/product/moisture-bound-rejuvenating-serum-P282614?icid2=products%20grid:p282614:product
308,https://www.sephora.com/product/double-ended-blemish-extractor-P0417?icid2=products%20grid:p0417:product
309,https://www.sephora.com/product/advanced-active-radiance-serum-P234920?icid2=products%20grid:p234920:product
310,https://www.sephora.com/product/advanced-genifique-sensitive-antioxidant-serum-P421477?icid2=products%20grid:p421477:product
311,https://www.sephora.com/product/acne-solutions-cleansing-face-body-soap-P196524?icid2=products%20grid:p196524:product
312,https://www.sephora.com/product/kakadu-c-serum-P393238?icid2=products%20grid:p393238:product
313,https://www.sephora.com/product/original-skin-renewal-serum-with-willowherb-P392523?icid2=products%20grid:p392523:product
314,https://www.sephora.com/product/one-step-acne-eliminating-pads-P381405?icid2=products%20grid:p381405:product
315,https://www.sephora.com/product/hyaluronic-acid-champaca-hydrating-serum-P441053?icid2=products%20grid:p441053:product
316,https://www.sephora.com/product/time-in-bottle-100-in-control-P416400?icid2=products%20grid:p416400:product
317,https://www.sephora.com/product/peony-instant-brightening-face-serum-P429506?icid2=products%20grid:p429506:product
318,https://www.sephora.com/product/proactiv-solution-3-step-acne-treatment-system-30-day-introductory-size-P440653?icid2=products%20grid:p440653:product
319,https://www.sephora.com/product/bright-biotic-tm-dark-spot-minimizing-serum-P427396?icid2=products%20grid:p427396:product
320,https://www.sephora.com/product/espada-acne-clearing-blue-light-pen-P419633?icid2=products%20grid:p419633:product
321,https://www.sephora.com/product/a-glowing-regimen-trial-set-P421483?icid2=products%20grid:p421483:product
322,https://www.sephora.com/product/pore-corrector-anti-aging-primer-P378870?icid2=products%20grid:p378870:product
323,https://www.sephora.com/product/breakout-clearing-foaming-wash-P443365?icid2=products%20grid:p443365:product
324,https://www.sephora.com/product/quench-hydrating-face-serum-P232922?icid2=products%20grid:p232922:product
325,https://www.sephora.com/product/capture-youth-matte-maximizer-age-delay-mattifying-serum-P427733?icid2=products%20grid:p427733:product
326,https://www.sephora.com/product/firming-serum-with-energy-peptides-P437240?icid2=products%20grid:p437240:product
327,https://www.sephora.com/product/fresh-pressed-7-day-system-with-pure-vitamin-c-P417617?icid2=products%20grid:p417617:product
328,https://www.sephora.com/product/micro-blur-skin-perfector-P422499?icid2=products%20grid:p422499:product
329,https://www.sephora.com/product/high-potency-amine-complex-face-lift-P243237?icid2=products%20grid:p243237:product
330,https://www.sephora.com/product/3-in-1-extractor-P231607?icid2=products%20grid:p231607:product
331,https://www.sephora.com/product/fix-line-smoothing-serum-P440013?icid2=products%20grid:p440013:product
332,https://www.sephora.com/product/dr-andrew-weil-for-origins-mega-bright-dark-spot-correcting-serum-P408237?icid2=products%20grid:p408237:product
333,https://www.sephora.com/product/proactiv-solution-3-step-acne-treatment-system-90-day-size-P440652?icid2=products%20grid:p440652:product
334,https://www.sephora.com/product/probiotic-radiance-tonic-serum-calm-restore-P443541?icid2=products%20grid:p443541:product
335,https://www.sephora.com/product/r45-reversal-3-phase-retinol-booster-system-P438639?icid2=products%20grid:p438639:product
336,https://www.sephora.com/product/tundra-chaga-pressed-serum-P408267?icid2=products%20grid:p408267:product
337,https://www.sephora.com/product/deep-sea-collagen-elixir-serum-plump-refine-P443543?icid2=products%20grid:p443543:product
338,https://www.sephora.com/product/the-method-cleanse-blemish-control-P399742?icid2=products%20grid:p399742:product
339,https://www.sephora.com/product/acne-solutions-clinical-clearing-kit-P387942?icid2=products%20grid:p387942:product
340,https://www.sephora.com/product/elevate-advanced-lift-contouring-cream-P420638?icid2=products%20grid:p420638:product
341,https://www.sephora.com/product/pure-revival-peel-P391627?icid2=products%20grid:p391627:product
342,https://www.sephora.com/product/capture-youth-intense-rescue-age-delay-revitalizing-oil-serum-P440922?icid2=products%20grid:p440922:product
343,https://www.sephora.com/product/blue-herbal-spot-treatment-P422018?icid2=products%20grid:p422018:product
344,https://www.sephora.com/product/pores-no-more-mattifying-hydrator-pore-minimizing-gel-P429661?icid2=products%20grid:p429661:product
345,https://www.sephora.com/product/dreamduo-overnight-transforming-treatment-P412366?icid2=products%20grid:p412366:product
346,https://www.sephora.com/product/rapid-reveal-peel-P443367?icid2=products%20grid:p443367:product
347,https://www.sephora.com/product/hydra-life-deep-hydration-sorbet-water-essence-P417604?icid2=products%20grid:p417604:product
348,https://www.sephora.com/product/creme-ancienne-supreme-face-serum-P412800?icid2=products%20grid:p412800:product
349,https://www.sephora.com/product/ultimate-revival-serum-P428104?icid2=products%20grid:p428104:product
350,https://www.sephora.com/product/acne-solutions-oil-control-cleansing-mask-P244701?icid2=products%20grid:p244701:product
351,https://www.sephora.com/product/the-method-nourish-blemish-control-P399745?icid2=products%20grid:p399745:product
352,https://www.sephora.com/product/clinique-smart-treatment-oil-P398613?icid2=products%20grid:p398613:product
353,https://www.sephora.com/product/enlighten-dark-spot-correcting-night-serum-P389528?icid2=products%20grid:p389528:product
354,https://www.sephora.com/product/eradikate-mask-foam-activated-acne-treatment-P393675?icid2=products%20grid:p393675:product
355,https://www.sephora.com/product/skin-love-glow-elixir-P434380?icid2=products%20grid:p434380:product
356,https://www.sephora.com/product/proactiv-3-step-system-30-day-introductory-size-P440655?icid2=products%20grid:p440655:product
357,https://www.sephora.com/product/power-dose-vitamin-c-P407429?icid2=products%20grid:p407429:product
358,https://www.sephora.com/product/gel-primer-24k-gold-complex-firm-P402693?icid2=products%20grid:p402693:product
359,https://www.sephora.com/product/h2-elemental-energy-hydrating-booster-serum-P418317?icid2=products%20grid:p418317:product
360,https://www.sephora.com/product/peace-of-mind-on-the-spot-relief-P308102?icid2=products%20grid:p308102:product
361,https://www.sephora.com/product/intensive-c-radiance-peel-P308300?icid2=products%20grid:p308300:product
362,https://www.sephora.com/product/retasphere-micro-peel-P389242?icid2=products%20grid:p389242:product
363,https://www.sephora.com/product/kakadu-c-intensive-vitamin-c-peel-pads-with-ferulic-acid-vitamin-e-P408600?icid2=products%20grid:p408600:product
364,https://www.sephora.com/product/eternalixir-tm-skin-volumizing-oil-serum-P416396?icid2=products%20grid:p416396:product
365,https://www.sephora.com/product/acne-solutions-cleansing-gel-P393501?icid2=products%20grid:p393501:product
366,https://www.sephora.com/product/acne-spot-area-treatment-P410884?icid2=products%20grid:p410884:product
367,https://www.sephora.com/product/high-potency-classics-firming-evening-repair-P434341?icid2=products%20grid:p434341:product
368,https://www.sephora.com/product/firmx-growth-factor-extreme-neuropeptide-serum-P257103?icid2=products%20grid:p257103:product
369,https://www.sephora.com/product/advanced-anti-aging-repairing-oil-P379907?icid2=products%20grid:p379907:product
370,https://www.sephora.com/product/emergency-blemish-relief-P440057?icid2=products%20grid:p440057:product
371,https://www.sephora.com/product/blemish-bully-acne-spot-treatment-P428006?icid2=products%20grid:p428006:product
372,https://www.sephora.com/product/capture-totale-le-serum-P442972?icid2=products%20grid:p442972:product
373,https://www.sephora.com/product/hydra-essentiel-bi-phase-serum-P415625?icid2=products%20grid:p415625:product
374,https://www.sephora.com/product/genius-ultimate-anti-aging-bi-phase-peel-P395113?icid2=products%20grid:p395113:product
375,https://www.sephora.com/product/calm-cool-corrected-P73517?icid2=products%20grid:p73517:product
376,https://www.sephora.com/product/bio-performance-liftdynamic-serum-P405945?icid2=products%20grid:p405945:product
377,https://www.sephora.com/product/capture-youth-lift-sculptor-age-delay-lifting-serum-P427734?icid2=products%20grid:p427734:product
378,https://www.sephora.com/product/power-peel-multi-acid-resurfacing-pads-P298331?icid2=products%20grid:p298331:product
379,https://www.sephora.com/product/stem-cell-serum-P439641?icid2=products%20grid:p439641:product
380,https://www.sephora.com/product/sensitive-skin-soothing-serum-P4035?icid2=products%20grid:p4035:product
381,https://www.sephora.com/product/licorice-serum-calm-irritated-skin-P391618?icid2=products%20grid:p391618:product
382,https://www.sephora.com/product/hydra-sebum-control-essence-P394634?icid2=products%20grid:p394634:product
383,https://www.sephora.com/product/dermal-quench-liquid-lift-advanced-wrinkle-treatment-P306941?icid2=products%20grid:p306941:product
384,https://www.sephora.com/product/2-retinol-complex-serum-P417626?icid2=products%20grid:p417626:product
385,https://www.sephora.com/product/true-blue-hydrating-serum-P430837?icid2=products%20grid:p430837:product
386,https://www.sephora.com/product/a-perfect-world-age-defense-skin-guardian-with-white-tea-P297519?icid2=products%20grid:p297519:product
387,https://www.sephora.com/product/anti-redness-serum-P248409?icid2=products%20grid:p248409:product
388,https://www.sephora.com/product/intensive-night-treatment-hylaplex-marula-oil-P399747?icid2=products%20grid:p399747:product
389,https://www.sephora.com/product/acne-solutions-clearing-concealer-P244700?icid2=products%20grid:p244700:product
390,https://www.sephora.com/product/seaberry-skin-nutrition-booster-P394924?icid2=products%20grid:p394924:product
391,https://www.sephora.com/product/egf-activating-serum-P441051?icid2=products%20grid:p441051:product
392,https://www.sephora.com/product/blackhead-dissolving-gel-P440059?icid2=products%20grid:p440059:product
393,https://www.sephora.com/product/breakout-control-targeted-acne-spot-treatment-P422641?icid2=products%20grid:p422641:product
394,https://www.sephora.com/product/renewed-hope-in-jar-peeling-mousse-instant-glow-facial-P441325?icid2=products%20grid:p441325:product
395,https://www.sephora.com/product/pore-purifying-black-strips-P288533?icid2=products%20grid:p288533:product
396,https://www.sephora.com/product/photo-finish-primer-stick-P421233?icid2=products%20grid:p421233:product
397,https://www.sephora.com/product/mission-perfection-serum-P399981?icid2=products%20grid:p399981:product
398,https://www.sephora.com/product/line-smoother-oil-free-face-moisturizer-P12574?icid2=products%20grid:p12574:product
399,https://www.sephora.com/product/glycolic-facial-cleanser-P9038?icid2=products%20grid:p9038:product
400,https://www.sephora.com/product/visionnaire-crescendo-progressive-night-peel-P418616?icid2=products%20grid:p418616:product
401,https://www.sephora.com/product/pores-no-more-multi-performance-stick-P415702?icid2=products%20grid:p415702:product
402,https://www.sephora.com/product/blue-herbal-acne-cleanser-treatment-P422019?icid2=products%20grid:p422019:product
403,https://www.sephora.com/product/white-marble-dual-phase-vitamin-c-peel-P423667?icid2=products%20grid:p423667:product
404,https://www.sephora.com/product/concentrated-restorative-treatment-P211305?icid2=products%20grid:p211305:product
405,https://www.sephora.com/product/high-potency-face-firming-activator-anti-aging-treatment-P397295?icid2=products%20grid:p397295:product
406,https://www.sephora.com/product/my-daily-dose-glow-P423727?icid2=products%20grid:p423727:product
407,https://www.sephora.com/product/advanced-c-radiance-cream-vitamin-c-collagen-cofactor-P399751?icid2=products%20grid:p399751:product
408,https://www.sephora.com/product/visionnaire-skin-solutions-15-pure-vitamin-c-correcting-concentrate-P440471?icid2=products%20grid:p440471:product
409,https://www.sephora.com/product/do-not-age-with-dr-brandt-transforming-pearl-serum-P383054?icid2=products%20grid:p383054:product
410,https://www.sephora.com/product/dani-glowing-skin-perfector-P404485?icid2=products%20grid:p404485:product
411,https://www.sephora.com/product/brilliant-future-tm-age-defense-renew-serum-P416394?icid2=products%20grid:p416394:product
412,https://www.sephora.com/product/clear-complexion-willow-bark-spot-treatment-P61210?icid2=products%20grid:p61210:product
413,https://www.sephora.com/product/perfectionist-pro-instant-wrinkle-filler-tri-polymer-blend-P427512?icid2=products%20grid:p427512:product
414,https://www.sephora.com/product/retexturizing-treatment-cream-glycolic-acid-10x-P399746?icid2=products%20grid:p399746:product
415,https://www.sephora.com/product/orchidee-imperiale-gel-cream-P421259?icid2=products%20grid:p421259:product
416,https://www.sephora.com/product/silver-skin-savior-salicylic-glycolic-acid-treatment-P438543?icid2=products%20grid:p438543:product
417,https://www.sephora.com/product/skin-clear-dietary-supplements-P211621?icid2=products%20grid:p211621:product
418,https://www.sephora.com/product/matteffect-blotting-perfector-P415704?icid2=products%20grid:p415704:product
419,https://www.sephora.com/product/breakout-clearing-all-over-toner-P443362?icid2=products%20grid:p443362:product
420,https://www.sephora.com/product/hyaluronic-acid-serum-long-lasting-hydration-P391636?icid2=products%20grid:p391636:product
421,https://www.sephora.com/product/glycolic-exfoliating-resurfacing-wipes-P397373?icid2=products%20grid:p397373:product
422,https://www.sephora.com/product/flawless-fearless-supplements-P399664?icid2=products%20grid:p399664:product
423,https://www.sephora.com/product/facial-treatment-oil-P407191?icid2=products%20grid:p407191:product
424,https://www.sephora.com/product/charcoal-deep-pore-exfoliating-peel-gel-P415941?icid2=products%20grid:p415941:product
425,https://www.sephora.com/product/repairing-treatment-P440070?icid2=products%20grid:p440070:product
426,https://www.sephora.com/product/copper-peel-P309217?icid2=products%20grid:p309217:product
427,https://www.sephora.com/product/bio-performance-glow-revival-serum-P393014?icid2=products%20grid:p393014:product
428,https://www.sephora.com/product/pore-refining-solutions-correcting-serum-P282920?icid2=products%20grid:p282920:product
429,https://www.sephora.com/product/dermalquench-liquid-lift-retinol-advanced-resurfacing-treatment-P404232?icid2=products%20grid:p404232:product
430,https://www.sephora.com/product/precision-lifting-pore-tightening-concentrate-P422252?icid2=products%20grid:p422252:product
431,https://www.sephora.com/product/visionnaire-skin-solutions-pure-0-2-retinol-correcting-night-concentrate-P440304?icid2=products%20grid:p440304:product
432,https://www.sephora.com/product/intensive-skin-supplement-P270591?icid2=products%20grid:p270591:product
433,https://www.sephora.com/product/aint-misbehavin-medicated-acne-control-serum-P181705?icid2=products%20grid:p181705:product
434,https://www.sephora.com/product/beauty-shroom-exfoliating-acid-potion-P435800?icid2=products%20grid:p435800:product
435,https://www.sephora.com/product/diorsnow-brightening-refining-moist-cloud-cr-me-P417602?icid2=products%20grid:p417602:product
436,https://www.sephora.com/product/dermal-quench-wrinkle-warrior-P436903?icid2=products%20grid:p436903:product
437,https://www.sephora.com/product/lotus-face-treatment-oil-P379064?icid2=products%20grid:p379064:product
438,https://www.sephora.com/product/polyphenol-c15-anti-wrinkle-defense-serum-P385549?icid2=products%20grid:p385549:product
439,https://www.sephora.com/product/complete-reform-P285140?icid2=products%20grid:p285140:product
440,https://www.sephora.com/product/concentrated-reconstructing-serum-P282934?icid2=products%20grid:p282934:product
441,https://www.sephora.com/product/plantscription-tm-youth-renewing-face-oil-P383132?icid2=products%20grid:p383132:product
442,https://www.sephora.com/product/dermask-ultra-jet-peeling-solution-P433884?icid2=products%20grid:p433884:product
443,https://www.sephora.com/product/blackhead-clearing-fizz-mask-P443363?icid2=products%20grid:p443363:product
444,https://www.sephora.com/product/vitamin-c-serum-rebalance-tackle-pores-P391632?icid2=products%20grid:p391632:product
445,https://www.sephora.com/product/magnetight-age-defier-P411254?icid2=products%20grid:p411254:product
446,https://www.sephora.com/product/super-aqua-serum-P213200?icid2=products%20grid:p213200:product
447,https://www.sephora.com/product/super-aqua-creme-day-gel-P385578?icid2=products%20grid:p385578:product
448,https://www.sephora.com/product/perfectionist-pro-rapid-renewal-retinol-treatment-P440648?icid2=products%20grid:p440648:product
449,https://www.sephora.com/product/red-jelly-pack-P435385?icid2=products%20grid:p435385:product
450,https://www.sephora.com/product/the-daily-vitamin-c-day-serum-with-antioxidant-complex-P443810?icid2=products%20grid:p443810:product
451,https://www.sephora.com/product/kinetin-rejuvenating-serum-P439426?icid2=products%20grid:p439426:product
452,https://www.sephora.com/product/my-daily-dose-vitamins-P423728?icid2=products%20grid:p423728:product
453,https://www.sephora.com/product/photoserum-P429670?icid2=products%20grid:p429670:product
454,https://www.sephora.com/product/gold-apricot-pressed-serum-P436894?icid2=products%20grid:p436894:product
455,https://www.sephora.com/product/mini-pore-blur-perfector-P420659?icid2=products%20grid:p420659:product
456,https://www.sephora.com/product/capture-youth-redness-soother-age-delay-anti-redness-soothing-serum-P427730?icid2=products%20grid:p427730:product
457,https://www.sephora.com/product/clarifying-spot-solution-P417941?icid2=products%20grid:p417941:product
458,https://www.sephora.com/product/breakout-clearing-booster-P443364?icid2=products%20grid:p443364:product
459,https://www.sephora.com/product/vitamin-b3-niacinamide-serum-rescue-troubled-skin-P411358?icid2=products%20grid:p411358:product
460,https://www.sephora.com/product/collagen-serum-elasticity-suppleness-P391637?icid2=products%20grid:p391637:product
461,https://www.sephora.com/product/silver-powder-P440499?icid2=products%20grid:p440499:product
462,https://www.sephora.com/product/help-me-P4647?icid2=products%20grid:p4647:product
463,https://www.sephora.com/product/rose-lifting-serum-P309212?icid2=products%20grid:p309212:product
464,https://www.sephora.com/product/dermatologist-solutions-breakout-control-acne-treatment-facial-lotion-P422491?icid2=products%20grid:p422491:product
465,https://www.sephora.com/product/beauty-sleep-power-peel-P442542?icid2=products%20grid:p442542:product
466,https://www.sephora.com/product/glowing-skin-smoothie-serum-protect-smooth-P443540?icid2=products%20grid:p443540:product
467,https://www.sephora.com/product/poetry-in-lotion-P230805?icid2=products%20grid:p230805:product
468,https://www.sephora.com/product/brightening-serum-with-glycolic-acid-P416592?icid2=products%20grid:p416592:product
469,https://www.sephora.com/product/wrinkle-revenge-ultimate-hyaluronic-serum-P302932?icid2=products%20grid:p302932:product
470,https://www.sephora.com/product/umbrian-clay-mattifying-serum-P308602?icid2=products%20grid:p308602:product
471,https://www.sephora.com/product/ceramide-serum-strengthen-soothe-P391638?icid2=products%20grid:p391638:product
472,https://www.sephora.com/product/genius-white-brightening-anti-aging-emulsion-P393643?icid2=products%20grid:p393643:product
473,https://www.sephora.com/product/blue-plasma-gentle-daily-peel-P412392?icid2=products%20grid:p412392:product
474,https://www.sephora.com/product/yuza-sorbet-night-reinforced-nighttime-emulsion-P406940?icid2=products%20grid:p406940:product
475,https://www.sephora.com/product/dmae-firming-pads-P399649?icid2=products%20grid:p399649:product
476,https://www.sephora.com/product/herbal-hydrating-serum-P440497?icid2=products%20grid:p440497:product
477,https://www.sephora.com/product/time-retreat-radiance-boost-treatment-P419817?icid2=products%20grid:p419817:product
478,https://www.sephora.com/product/corrective-lightening-treatment-P436703?icid2=products%20grid:p436703:product
479,https://www.sephora.com/product/daily-vitamin-c-P441647?icid2=products%20grid:p441647:product
480,https://www.sephora.com/product/clinical-concentrate-radiance-booster-P385269?icid2=products%20grid:p385269:product
481,https://www.sephora.com/product/rose-o12-moisture-defence-oil-P228404?icid2=products%20grid:p228404:product
482,https://www.sephora.com/product/flash-rinse-1-minute-facial-P387947?icid2=products%20grid:p387947:product
483,https://www.sephora.com/product/banish-stick-P433888?icid2=products%20grid:p433888:product
484,https://www.sephora.com/product/diorsnow-essence-light-pure-concentrate-light-brightening-milk-serum-P429677?icid2=products%20grid:p429677:product
485,https://www.sephora.com/product/coenzyme-q10-serum-energize-renew-P391639?icid2=products%20grid:p391639:product
486,https://www.sephora.com/product/tight-n-tm-cryogenic-tightening-gel-P424946?icid2=products%20grid:p424946:product
487,https://www.sephora.com/product/photodynamic-therapy-3-in-1-facial-lotion-broad-spectrum-spf-30-P274220?icid2=products%20grid:p274220:product
488,https://www.sephora.com/product/renewed-hope-in-jar-renewing-dew-concentrate-P433605?icid2=products%20grid:p433605:product
489,https://www.sephora.com/product/super-power-anitoxidant-booster-drops-P442783?icid2=products%20grid:p442783:product
490,https://www.sephora.com/product/french-pine-bark-serum-antioxidant-protection-P391634?icid2=products%20grid:p391634:product
491,https://www.sephora.com/product/eucalyptus-stretch-mark-minimizer-P430333?icid2=products%20grid:p430333:product
492,https://www.sephora.com/product/perfectionist-pro-instant-resurfacing-peel-P440647?icid2=products%20grid:p440647:product
493,https://www.sephora.com/product/age-defying-smoothing-treatment-P416532?icid2=products%20grid:p416532:product
494,https://www.sephora.com/product/crystal-iceplant-pressed-serum-P408254?icid2=products%20grid:p408254:product
495,https://www.sephora.com/product/yuza-sorbet-featherweight-emulsion-P406939?icid2=products%20grid:p406939:product
496,https://www.sephora.com/product/advanced-anti-ageing-day-serum-with-egf-cellular-activator-P435384?icid2=products%20grid:p435384:product
497,https://www.sephora.com/product/vitamin-b-P442539?icid2=products%20grid:p442539:product
498,https://www.sephora.com/product/plantscription-tm-powerful-lifting-concentrate-P416814?icid2=products%20grid:p416814:product
499,https://www.sephora.com/product/eradikate-to-go-acne-treatment-P405031?icid2=products%20grid:p405031:product
500,https://www.sephora.com/product/nightly-refining-micro-peel-concentrate-P422270?icid2=products%20grid:p422270:product
501,https://www.sephora.com/product/elixir-ancien-P159005?icid2=products%20grid:p159005:product
502,https://www.sephora.com/product/belle-de-jour-fantastic-fluid-P399724?icid2=products%20grid:p399724:product
503,https://www.sephora.com/product/essential-fx-acyl-glutathione-deep-crease-serum-P433951?icid2=products%20grid:p433951:product
504,https://www.sephora.com/product/pore-master-patch-P386839?icid2=products%20grid:p386839:product
505,https://www.sephora.com/product/lifter-vitamin-c-hyaluronic-acid-serum-P387139?icid2=products%20grid:p387139:product
506,https://www.sephora.com/product/dermaclear-micro-milk-peel-P444218?icid2=products%20grid:p444218:product
507,https://www.sephora.com/product/high-performance-anti-wrinkle-glycolic-peptide-serum-P390373?icid2=products%20grid:p390373:product
508,https://www.sephora.com/product/pre-empt-series-fixer-solid-oil-balm-P415709?icid2=products%20grid:p415709:product
509,https://www.sephora.com/product/ain-t-misbehavin-intensive-10-sulfur-acne-mask-emergency-spot-treatment-P407176?icid2=products%20grid:p407176:product
510,https://www.sephora.com/product/surf-chaser-reverse-aging-serum-P430836?icid2=products%20grid:p430836:product
511,https://www.sephora.com/product/high-performance-vitamin-c-facial-serum-P72704?icid2=products%20grid:p72704:product
512,https://www.sephora.com/product/age-arrest-anti-wrinkle-serum-P399754?icid2=products%20grid:p399754:product
513,https://www.sephora.com/product/genius-white-brightening-essence-P393644?icid2=products%20grid:p393644:product
514,https://www.sephora.com/product/psc-peptide-serum-P441052?icid2=products%20grid:p441052:product
515,https://www.sephora.com/product/ultimate-miracle-worker-multi-rejuvenating-lightweight-emulsion-spf-30-P409962?icid2=products%20grid:p409962:product
516,https://www.sephora.com/product/picture-porefect-P73515?icid2=products%20grid:p73515:product
517,https://www.sephora.com/product/moisture-bound-hydration-boost-P415682?icid2=products%20grid:p415682:product
518,https://www.sephora.com/product/intense-hydration-serum-P381433?icid2=products%20grid:p381433:product
519,https://www.sephora.com/product/magnetight-age-defier-bundle-P416401?icid2=products%20grid:p416401:product
520,https://www.sephora.com/product/cellufirm-drops-P440495?icid2=products%20grid:p440495:product
521,https://www.sephora.com/product/deep-pore-cleansing-clay-P9032?icid2=products%20grid:p9032:product
522,https://www.sephora.com/product/white-lucent-onmakeup-spot-correcting-serum-broad-spectrum-spf-25-P416541?icid2=products%20grid:p416541:product
523,https://www.sephora.com/product/brightening-booster-drops-P442784?icid2=products%20grid:p442784:product
524,https://www.sephora.com/product/charcoal-spot-corrector-P428818?icid2=products%20grid:p428818:product
525,https://www.sephora.com/product/dynaspot-P381439?icid2=products%20grid:p381439:product
526,https://www.sephora.com/product/maskimizer-tm-skin-optimizing-mask-primer-P405016?icid2=products%20grid:p405016:product
527,https://www.sephora.com/product/kinetic-treatment-serum-P426072?icid2=products%20grid:p426072:product
528,https://www.sephora.com/product/biorewind-am-full-spectrum-antioxidant-serum-P411500?icid2=products%20grid:p411500:product
529,https://www.sephora.com/product/high-performance-vitamin-a-facial-treatment-P72705?icid2=products%20grid:p72705:product
530,https://www.sephora.com/product/perky-collagen-boosting-serum-P430824?icid2=products%20grid:p430824:product
531,https://www.sephora.com/product/vitamin-a-P442540?icid2=products%20grid:p442540:product
532,https://www.sephora.com/product/flash-glow-resurfacing-peel-pads-P436136?icid2=products%20grid:p436136:product
533,https://www.sephora.com/product/all-day-balancing-care-serum-P412405?icid2=products%20grid:p412405:product
534,https://www.sephora.com/product/chlorella-serum-brighten-tackle-spots-P391635?icid2=products%20grid:p391635:product
535,https://www.sephora.com/product/oxygen-booster-P413427?icid2=products%20grid:p413427:product
536,https://www.sephora.com/product/kateceuticals-restor8-replenishing-serum-P409918?icid2=products%20grid:p409918:product
537,https://www.sephora.com/product/tassie-anti-pollution-serum-P430838?icid2=products%20grid:p430838:product
538,https://www.sephora.com/product/gel-primer-24k-gold-complex-brighten-P402694?icid2=products%20grid:p402694:product
539,https://www.sephora.com/product/mega-c-dual-radiance-serum-P387137?icid2=products%20grid:p387137:product
540,https://www.sephora.com/product/wrinkle-release-repair-treatment-with-retinol-P416591?icid2=products%20grid:p416591:product
541,https://www.sephora.com/product/radiance-resurfacing-foam-P435209?icid2=products%20grid:p435209:product
542,https://www.sephora.com/product/pivoine-sublime-skin-perfector-serum-P395518?icid2=products%20grid:p395518:product
543,https://www.sephora.com/product/hyaluronic-acid-serum-P443845?icid2=products%20grid:p443845:product
544,https://www.sephora.com/product/polyglutamic-acid-P443830?icid2=products%20grid:p443830:product
545,https://www.sephora.com/product/phormula-3-9-repair-cream-P393060?icid2=products%20grid:p393060:product
546,https://www.sephora.com/product/big-chill-supplements-P388982?icid2=products%20grid:p388982:product
547,https://www.sephora.com/product/facial-radiance-intensive-peel-P409707?icid2=products%20grid:p409707:product
548,https://www.sephora.com/product/immortelle-divine-extract-P394691?icid2=products%20grid:p394691:product
549,https://www.sephora.com/product/doyou-2-step-milk-peeling-kit-P409966?icid2=products%20grid:p409966:product
550,https://www.sephora.com/product/facial-treatment-repair-c-P375856?icid2=products%20grid:p375856:product
551,https://www.sephora.com/product/acne-system-P410675?icid2=products%20grid:p410675:product
552,https://www.sephora.com/product/splash-absolute-hydration-replenishing-emulsion-P407334?icid2=products%20grid:p407334:product
553,https://www.sephora.com/product/power-dose-vitamin-d-P407430?icid2=products%20grid:p407430:product
554,https://www.sephora.com/product/white-advanced-brightening-serum-P409628?icid2=products%20grid:p409628:product
555,https://www.sephora.com/product/the-microdelivery-triple-acid-brightening-peel-P302800?icid2=products%20grid:p302800:product
556,https://www.sephora.com/product/elevate-firming-lifting-contouring-serum-P410808?icid2=products%20grid:p410808:product
557,https://www.sephora.com/product/anti-aging-armour-super-smart-skin-perfecting-beauty-fluid-spf-50-P411887?icid2=products%20grid:p411887:product
558,https://www.sephora.com/product/belle-de-jour-white-lotus-serum-P399726?icid2=products%20grid:p399726:product
559,https://www.sephora.com/product/future-solution-lx-superior-radiance-serum-P384790?icid2=products%20grid:p384790:product
560,https://www.sephora.com/product/un-wrinkle-turbo-face-serum-P306946?icid2=products%20grid:p306946:product
561,https://www.sephora.com/product/optimal-brightening-concentrate-P377865?icid2=products%20grid:p377865:product
562,https://www.sephora.com/product/lifting-primer-anti-aging-serum-P411824?icid2=products%20grid:p411824:product
563,https://www.sephora.com/product/alpha-hydroxy-acid-serum-P443822?icid2=products%20grid:p443822:product
564,https://www.sephora.com/product/beta-hydroxy-acid-P442871?icid2=products%20grid:p442871:product
565,https://www.sephora.com/product/collagen-serum-P443846?icid2=products%20grid:p443846:product
566,https://www.sephora.com/product/hepta-peptide-serum-P443831?icid2=products%20grid:p443831:product
567,https://www.sephora.com/product/instant-facial-P442538?icid2=products%20grid:p442538:product
568,https://www.sephora.com/product/kx-active-concentrates-bio-mimicking-peptides-P442867?icid2=products%20grid:p442867:product
569,https://www.sephora.com/product/kx-active-concentrates-ceramides-omegas-P442868?icid2=products%20grid:p442868:product
570,https://www.sephora.com/product/lactic-acid-serum-P443844?icid2=products%20grid:p443844:product
571,https://www.sephora.com/product/q10-serum-P443843?icid2=products%20grid:p443843:product
572,https://www.sephora.com/product/r45-lift-3-phase-advanced-neck-contouring-treatment-P443812?icid2=products%20grid:p443812:product
573,https://www.sephora.com/product/retinol-serum-P443842?icid2=products%20grid:p443842:product
574,https://www.sephora.com/product/skin-soothing-hydrating-lotion-P443368?icid2=products%20grid:p443368:product
575,https://www.sephora.com/product/time-response-skin-reserve-serum-P437679?icid2=products%20grid:p437679:product
576,https://www.sephora.com/product/vitamin-c-cream-P443841?icid2=products%20grid:p443841:product
