0,https://www.sephora.com/product/silk-pillowcase-standard-queen-P402944?icid2=products%20grid:p402944:product
1,https://www.sephora.com/product/hair-sweet-hair-P415922?icid2=products%20grid:p415922:product
2,https://www.sephora.com/product/jade-facial-roller-P436891?icid2=products%20grid:p436891:product
3,https://www.sephora.com/product/silk-pillowcase-king-P402943?icid2=products%20grid:p402943:product
4,https://www.sephora.com/product/collagen-peptides-P433638?icid2=products%20grid:p433638:product
5,https://www.sephora.com/product/sephora-collection-x-olly-P441799?icid2=products%20grid:p441799:product
6,https://www.sephora.com/product/contouring-de-puffing-rose-quartz-roller-P438628?icid2=products%20grid:p438628:product
7,https://www.sephora.com/product/skin-heroes-pre-probiotic-clear-skin-supplement-P443349?icid2=products%20grid:p443349:product
8,https://www.sephora.com/product/daily-cleanse-supplements-P386754?icid2=products%20grid:p386754:product
9,https://www.sephora.com/product/superyou-daily-stress-management-P432049?icid2=products%20grid:p432049:product
10,https://www.sephora.com/product/de-puffing-jade-facial-roller-P432824?icid2=products%20grid:p432824:product
11,https://www.sephora.com/product/silk-sleepmask-P402942?icid2=products%20grid:p402942:product
12,https://www.sephora.com/product/de-puffing-rose-quartz-facial-roller-P434340?icid2=products%20grid:p434340:product
13,https://www.sephora.com/product/glow-sweet-glow-P431847?icid2=products%20grid:p431847:product
14,https://www.sephora.com/product/flatter-me-supplements-P394826?icid2=products%20grid:p394826:product
15,https://www.sephora.com/product/skinny-bird-supplements-P394827?icid2=products%20grid:p394827:product
16,https://www.sephora.com/product/collagen-inner-beauty-boost-P420961?icid2=products%20grid:p420961:product
17,https://www.sephora.com/product/amethyst-roller-P440309?icid2=products%20grid:p440309:product
18,https://www.sephora.com/product/glow-advanced-inner-beauty-powder-P420964?icid2=products%20grid:p420964:product
19,https://www.sephora.com/product/wellness-kit-P443731?icid2=products%20grid:p443731:product
20,https://www.sephora.com/product/collagen-love-supplements-P386755?icid2=products%20grid:p386755:product
21,https://www.sephora.com/product/marine-collagen-P433640?icid2=products%20grid:p433640:product
22,https://www.sephora.com/product/cocofloss-P421244?icid2=products%20grid:p421244:product
23,https://www.sephora.com/product/collagen-beauty-glow-tropical-hibiscus-P438622?icid2=products%20grid:p438622:product
24,https://www.sephora.com/product/sephora-collection-x-olly-lustrous-hair-P441796?icid2=products%20grid:p441796:product
25,https://www.sephora.com/product/uplift-massaging-beauty-roller-P433140?icid2=products%20grid:p433140:product
26,https://www.sephora.com/product/sephora-collection-x-olly-glowing-skin-P441797?icid2=products%20grid:p441797:product
27,https://www.sephora.com/product/pure-skin-clarifying-dietary-supplement-P7365?icid2=products%20grid:p7365:product
28,https://www.sephora.com/product/firm-tone-dietary-supplement-pack-P101917?icid2=products%20grid:p101917:product
29,https://www.sephora.com/product/superhair-daily-hair-nutrition-P444047?icid2=products%20grid:p444047:product
30,https://www.sephora.com/product/the-super-elixir-P437502?icid2=products%20grid:p437502:product
31,https://www.sephora.com/product/stone-diffuser-P433630?icid2=products%20grid:p433630:product
32,https://www.sephora.com/product/beauty-sleep-to-go-P430959?skuId=2078657&icid2=products%20grid:p430959:product
33,https://www.sephora.com/product/anti-aging-collagen-elixir-P433150?icid2=products%20grid:p433150:product
34,https://www.sephora.com/product/de-puffing-jade-facial-roller-mini-P432825?icid2=products%20grid:p432825:product
35,https://www.sephora.com/product/rose-quartz-facial-roller-P432662?icid2=products%20grid:p432662:product
36,https://www.sephora.com/product/red-carpet-supplements-P386763?icid2=products%20grid:p386763:product
37,https://www.sephora.com/product/rose-quartz-heart-facial-gua-sha-P432835?icid2=products%20grid:p432835:product
38,https://www.sephora.com/product/beauty-zzzz-P407387?icid2=products%20grid:p407387:product
39,https://www.sephora.com/product/the-super-elixir-refill-P437503?icid2=products%20grid:p437503:product
40,https://www.sephora.com/product/omg-omega-great-supplements-P386760?icid2=products%20grid:p386760:product
41,https://www.sephora.com/product/skin-total-body-dietary-supplements-P232606?icid2=products%20grid:p232606:product
42,https://www.sephora.com/product/sex-dust-P423157?icid2=products%20grid:p423157:product
43,https://www.sephora.com/product/coconut-milk-bath-soak-P431840?icid2=products%20grid:p431840:product
44,https://www.sephora.com/product/uber-energy-supplements-P386764?icid2=products%20grid:p386764:product
45,https://www.sephora.com/product/wing-man-supplements-P386757?icid2=products%20grid:p386757:product
46,https://www.sephora.com/product/8greens-dietary-supplement-P437988?icid2=products%20grid:p437988:product
47,https://www.sephora.com/product/sephora-collection-x-olly-skin-detox-P441798?icid2=products%20grid:p441798:product
48,https://www.sephora.com/product/hydration-inner-beauty-boost-P420963?icid2=products%20grid:p420963:product
49,https://www.sephora.com/product/pure-silk-sleepmask-zodiac-edition-P440047?icid2=products%20grid:p440047:product
50,https://www.sephora.com/product/raw-beauty-green-superfood-powder-P405826?icid2=products%20grid:p405826:product
51,https://www.sephora.com/product/antioxidant-inner-beauty-boost-P420962?icid2=products%20grid:p420962:product
52,https://www.sephora.com/product/sephora-collection-x-olly-radiant-sleep-P441795?icid2=products%20grid:p441795:product
53,https://www.sephora.com/product/collagen-creamer-P434356?icid2=products%20grid:p434356:product
54,https://www.sephora.com/product/runway-ready-supplements-P386765?icid2=products%20grid:p386765:product
55,https://www.sephora.com/product/quiet-time-diffuser-set-P443562?icid2=products%20grid:p443562:product
56,https://www.sephora.com/product/rose-quartz-gua-sha-P441045?icid2=products%20grid:p441045:product
57,https://www.sephora.com/product/matcha-collagen-P434358?icid2=products%20grid:p434358:product
58,https://www.sephora.com/product/moody-bird-supplements-P386759?icid2=products%20grid:p386759:product
59,https://www.sephora.com/product/cleanse-to-rescue-21-day-cleanse-P392609?icid2=products%20grid:p392609:product
60,https://www.sephora.com/product/and-now-to-sleep-pillow-spray-P428420?icid2=products%20grid:p428420:product
61,https://www.sephora.com/product/matcha-golde-P443816?icid2=products%20grid:p443816:product
62,https://www.sephora.com/product/super-greens-dietary-supplement-P416754?icid2=products%20grid:p416754:product
63,https://www.sephora.com/product/beauty-dust-P423155?icid2=products%20grid:p423155:product
64,https://www.sephora.com/product/the-nourishing-protein-P437505?icid2=products%20grid:p437505:product
65,https://www.sephora.com/product/raw-beauty-green-super-food-powder-tahitian-vanilla-berry-infusion-P415207?icid2=products%20grid:p415207:product
66,https://www.sephora.com/product/coconut-toothpaste-P441059?icid2=products%20grid:p441059:product
67,https://www.sephora.com/product/moon-dust-P423154?icid2=products%20grid:p423154:product
68,https://www.sephora.com/product/here-comes-sun-supplements-P386762?icid2=products%20grid:p386762:product
69,https://www.sephora.com/product/brain-dust-P423159?icid2=products%20grid:p423159:product
70,https://www.sephora.com/product/beauty-shroom-vegan-collagen-protection-P436087?icid2=products%20grid:p436087:product
71,https://www.sephora.com/product/killer-nails-supplements-P386761?icid2=products%20grid:p386761:product
72,https://www.sephora.com/product/collagen-pop-P432259?icid2=products%20grid:p432259:product
73,https://www.sephora.com/product/noni-glow-skinfood-dietary-supplement-powder-P418824?icid2=products%20grid:p418824:product
74,https://www.sephora.com/product/coconut-oil-pullers-P429519?icid2=products%20grid:p429519:product
75,https://www.sephora.com/product/health-weight-management-dietary-supplements-P232600?icid2=products%20grid:p232600:product
76,https://www.sephora.com/product/cacao-golde-P443817?icid2=products%20grid:p443817:product
77,https://www.sephora.com/product/original-golde-P443815?icid2=products%20grid:p443815:product
78,https://www.sephora.com/product/hair-supplement-for-dry-hair-P409846?icid2=products%20grid:p409846:product
79,https://www.sephora.com/product/blue-beauty-adaptogenic-protein-P432050?icid2=products%20grid:p432050:product
80,https://www.sephora.com/product/the-essential-multivitamin-P416784?icid2=products%20grid:p416784:product
81,https://www.sephora.com/product/turn-back-time-supplements-P408271?icid2=products%20grid:p408271:product
82,https://www.sephora.com/product/ashwagandha-P442984?icid2=products%20grid:p442984:product
83,https://www.sephora.com/product/metabolism-booster-P416781?icid2=products%20grid:p416781:product
84,https://www.sephora.com/product/skin-clear-dietary-supplements-P211621?icid2=products%20grid:p211621:product
85,https://www.sephora.com/product/cosmic-cocoa-P440290?icid2=products%20grid:p440290:product
86,https://www.sephora.com/product/uplift-body-sonic-massaging-beauty-roller-P439639?icid2=products%20grid:p439639:product
87,https://www.sephora.com/product/flawless-fearless-supplements-P399664?icid2=products%20grid:p399664:product
88,https://www.sephora.com/product/dream-dust-P423158?icid2=products%20grid:p423158:product
89,https://www.sephora.com/product/mushroom-sampler-mix-P433879?icid2=products%20grid:p433879:product
90,https://www.sephora.com/product/arctic-repair-supplements-P389097?icid2=products%20grid:p389097:product
91,https://www.sephora.com/product/organic-lavender-oil-P433637?icid2=products%20grid:p433637:product
92,https://www.sephora.com/product/eyeonix-eye-massaging-beauty-tool-P433142?icid2=products%20grid:p433142:product
93,https://www.sephora.com/product/omega-3-dietary-supplement-P211619?icid2=products%20grid:p211619:product
94,https://www.sephora.com/product/raw-beauty-skin-energy-superfood-powder-coconut-pineapple-tropical-infusion-P421761?icid2=products%20grid:p421761:product
95,https://www.sephora.com/product/mushroom-coffee-mix-with-lion-s-mane-chaga-P433878?icid2=products%20grid:p433878:product
96,https://www.sephora.com/product/cosmic-matcha-P442985?icid2=products%20grid:p442985:product
97,https://www.sephora.com/product/raw-beauty-to-go-green-superfood-powder-P414991?icid2=products%20grid:p414991:product
98,https://www.sephora.com/product/the-nourishing-protein-refill-P437506?icid2=products%20grid:p437506:product
99,https://www.sephora.com/product/nuvibe-rx-amethyst-massaging-beauty-tool-P439640?icid2=products%20grid:p439640:product
100,https://www.sephora.com/product/detox-soaking-salts-P431839?icid2=products%20grid:p431839:product
101,https://www.sephora.com/product/pearl-P442983?icid2=products%20grid:p442983:product
102,https://www.sephora.com/product/vinexpert-dietary-supplements-P402619?icid2=products%20grid:p402619:product
103,https://www.sephora.com/product/frankincense-essential-oil-P433631?icid2=products%20grid:p433631:product
104,https://www.sephora.com/product/organic-eucalyptus-essential-oil-P433633?icid2=products%20grid:p433633:product
105,https://www.sephora.com/product/mushroom-hot-cacao-mix-with-reishi-P434353?icid2=products%20grid:p434353:product
106,https://www.sephora.com/product/sleep-inner-beauty-powder-P430950?icid2=products%20grid:p430950:product
107,https://www.sephora.com/product/beauty-restore-sleep-oral-spray-P423676?icid2=products%20grid:p423676:product
108,https://www.sephora.com/product/sleep-booster-P416779?icid2=products%20grid:p416779:product
109,https://www.sephora.com/product/mushroom-matcha-drink-mix-with-lion-s-mane-ginger-P434355?icid2=products%20grid:p434355:product
110,https://www.sephora.com/product/spirit-dust-P423156?icid2=products%20grid:p423156:product
111,https://www.sephora.com/product/sampler-pack-P433877?icid2=products%20grid:p433877:product
112,https://www.sephora.com/product/the-super-elixir-travel-set-P437504?icid2=products%20grid:p437504:product
113,https://www.sephora.com/product/sleep-welle-fortified-calming-tea-P437509?icid2=products%20grid:p437509:product
114,https://www.sephora.com/product/pink-grapefruit-essential-oil-P433635?icid2=products%20grid:p433635:product
115,https://www.sephora.com/product/skin-booster-P416783?icid2=products%20grid:p416783:product
116,https://www.sephora.com/product/lala-glass-water-bottle-P422315?skuId=2003648&icid2=products%20grid:p422315:product
117,https://www.sephora.com/product/sleep-face-body-mist-P440478?icid2=products%20grid:p440478:product
118,https://www.sephora.com/product/aromatic-bedtime-treatment-P427424?icid2=products%20grid:p427424:product
119,https://www.sephora.com/product/collagen-beauty-glow-lavender-lemon-P438621?icid2=products%20grid:p438621:product
120,https://www.sephora.com/product/night-beauty-P440479?icid2=products%20grid:p440479:product
121,https://www.sephora.com/product/spiked-naked-glass-water-bottle-P422322?icid2=products%20grid:p422322:product
122,https://www.sephora.com/product/spiked-prenup-glass-water-bottle-P430947?icid2=products%20grid:p430947:product
123,https://www.sephora.com/product/organic-sweet-orange-essential-oil-P433634?icid2=products%20grid:p433634:product
124,https://www.sephora.com/product/organic-peppermint-essential-oil-P433632?icid2=products%20grid:p433632:product
125,https://www.sephora.com/product/elle-glass-water-bottle-P422310?icid2=products%20grid:p422310:product
126,https://www.sephora.com/product/collagen-beauty-glow-strawberry-lemon-P438623?icid2=products%20grid:p438623:product
127,https://www.sephora.com/product/antioxidant-water-booster-triple-power-ingestible-water-supplement-P427395?icid2=products%20grid:p427395:product
128,https://www.sephora.com/product/sleep-welle-fortified-calming-tea-refill-P437510?icid2=products%20grid:p437510:product
129,https://www.sephora.com/product/mushroom-mocha-mix-with-chaga-cacao-P434352?icid2=products%20grid:p434352:product
130,https://www.sephora.com/product/beauty-collagen-tropical-hibiscus-P439062?icid2=products%20grid:p439062:product
131,https://www.sephora.com/product/paris-water-balm-cap-P433451?icid2=products%20grid:p433451:product
132,https://www.sephora.com/product/power-dust-P423160?icid2=products%20grid:p423160:product
133,https://www.sephora.com/product/mushroom-lemonade-mix-with-charcoal-chaga-P436661?icid2=products%20grid:p436661:product
134,https://www.sephora.com/product/geranium-essential-oil-P433636?icid2=products%20grid:p433636:product
135,https://www.sephora.com/product/mushroom-matcha-latte-mix-with-maitake-P437264?icid2=products%20grid:p437264:product
136,https://www.sephora.com/product/spiked-tutu-glass-water-bottle-P422323?icid2=products%20grid:p422323:product
137,https://www.sephora.com/product/hair-supplement-for-oily-scalp-P409848?icid2=products%20grid:p409848:product
138,https://www.sephora.com/product/beauty-collagen-P434547?icid2=products%20grid:p434547:product
139,https://www.sephora.com/product/collagen-beauty-greens-P434357?icid2=products%20grid:p434357:product
140,https://www.sephora.com/product/mini-caddy-trio-P440049?icid2=products%20grid:p440049:product
141,https://www.sephora.com/product/beauty-dust-box-P427534?icid2=products%20grid:p427534:product
142,https://www.sephora.com/product/hair-supplement-for-thinning-hair-P409847?icid2=products%20grid:p409847:product
143,https://www.sephora.com/product/golden-latte-mushroom-mix-with-shiitake-turmeric-P434351?icid2=products%20grid:p434351:product
144,https://www.sephora.com/product/chai-latte-mushroom-mix-with-turkey-tail-reishi-P434354?icid2=products%20grid:p434354:product
145,https://www.sephora.com/product/spiked-lala-glass-water-bottle-P422320?icid2=products%20grid:p422320:product
146,https://www.sephora.com/product/beauty-collagen-lavender-lemon-P436649?icid2=products%20grid:p436649:product
147,https://www.sephora.com/product/sephora-collection-x-olly-radiant-sleep-travel-size-P444434?icid2=products%20grid:p444434:product
148,https://www.sephora.com/product/hydro-glow-dietary-supplements-P418833?icid2=products%20grid:p418833:product
149,https://www.sephora.com/product/the-nourishing-protein-travel-set-P437507?icid2=products%20grid:p437507:product
150,https://www.sephora.com/product/travel-booster-P416780?icid2=products%20grid:p416780:product
151,https://www.sephora.com/product/youth-builder-dietary-supplement-P407428?icid2=products%20grid:p407428:product
152,https://www.sephora.com/product/big-chill-supplements-P388982?icid2=products%20grid:p388982:product
153,https://www.sephora.com/product/rose-quartz-facial-massager-P439672?icid2=products%20grid:p439672:product
154,https://www.sephora.com/product/digestion-booster-P416782?icid2=products%20grid:p416782:product
155,https://www.sephora.com/product/bone-broth-collagen-P438544?icid2=products%20grid:p438544:product
156,https://www.sephora.com/product/i-recover-mind-body-gel-P444455?icid2=products%20grid:p444455:product
157,https://www.sephora.com/product/sephora-collection-x-olly-skin-detox-travel-size-P444435?icid2=products%20grid:p444435:product
158,https://www.sephora.com/product/sleep-duo-essential-oil-set-P444045?icid2=products%20grid:p444045:product
